Date,Open,High,Low,Close,Volume
2019-01-02,36.81856395762742,37.759888517261295,36.66167592649953,37.538818359375,148158800
2019-01-03,34.225166520409374,34.63877937995314,33.75450611274441,33.7996711730957,365248800
2019-01-04,34.35591215580835,35.311498641777554,34.18238645663675,35.24256134033203,234428400
2019-01-07,35.347151941896,35.37805511903299,34.68156932360782,35.16411590576172,219111200
2019-01-08,35.55158069885025,36.08880268918446,35.30436616393607,35.83445358276367,164101200
2019-01-09,35.96281471962946,36.73298936707537,35.56822249255178,36.44298553466797,180396400
2019-01-10,36.25043882659319,36.59986957627264,35.8605981869204,36.5594596862793,143122800
2019-01-11,36.34076609205803,36.53568458300108,36.01510397126454,36.20051574707031,108092800
2019-01-14,35.85822297159505,35.95805981203487,35.470758098093015,35.65616989135742,129756800
2019-01-15,35.72035038921636,36.461997528565014,35.668054385581975,36.38593292236328,114843600
2019-01-16,36.38830771618193,37.0538902314347,36.36929065835952,36.8304443359375,122278800
2019-01-17,36.65455640109621,37.4770273073971,36.431110401176646,37.04915237426758,119284800
2019-01-18,37.438994827560705,37.52932499163731,37.077677798389054,37.2773551940918,135004000
2019-01-22,37.17988043233495,37.2559450474709,36.278965777015756,36.440608978271484,121576000
2019-01-23,36.64265395320385,36.87798596834581,36.060270599876375,36.587982177734375,92522400
2019-01-24,36.63314628936311,36.72109700768508,36.06978000885468,36.297977447509766,101766000
2019-01-25,36.95880850768255,37.58873636724454,36.683070210489795,37.50078201293945,134142000
2019-01-28,37.03250659699571,37.16087087496011,36.526191312301485,37.15373992919922,104768400
2019-01-29,37.14184157601951,37.58873337454473,36.633147058879665,36.768638610839844,166348800
2019-01-30,38.80579627840674,39.49514741075342,38.087917745132394,39.281211853027344,244439200
2019-01-31,39.48565051887251,40.17262605002727,39.11720263144844,39.56409454345703,162958400
2019-02-01,39.68769519044533,40.16786232651912,39.44285282376112,39.58310317993164,130672400
2019-02-04,39.79467638178191,40.80493485453083,39.763773197226605,40.70747375488281,125982000
2019-02-05,41.090165918195574,41.617877466125684,40.968936259342954,41.40393829345703,144406400
2019-02-06,41.51567798996915,41.734372421959264,41.08780672624007,41.41822052001953,112958400
2019-02-07,40.98083287122734,41.346905000195044,40.49115526883394,40.63378143310547,126966800
2019-02-08,40.342530021324166,40.741204197762116,40.206453704132734,40.681522369384766,95280000
2019-02-11,40.834300008718834,40.87249724592725,40.40459019684676,40.44755935668945,83973600
2019-02-12,40.60751907825849,40.82237221177081,40.51202596349423,40.796112060546875,89134000
2019-02-13,40.91547911908736,41.17569104838117,40.56454963390793,40.626617431640625,89960800
2019-02-14,40.514411986165825,40.88443638975765,40.43563153945899,40.77462387084961,87342800
2019-02-15,40.88205832041398,40.98948489841133,40.52396729862934,40.68391418457031,98507200
2019-02-19,40.51441247272279,40.92740968979166,40.46189217428749,40.80565643310547,75891200
2019-02-20,40.86771873193722,41.37620894285492,40.819974010216065,41.0682487487793,104457600
2019-02-21,41.01333700492209,41.14940962572732,40.65524617596646,40.83667755126953,68998800
2019-02-22,40.96082518714831,41.29981747146773,40.913080461961876,41.29265594482422,75652800
2019-02-25,41.57675106475054,41.984972743412,41.52661672459904,41.59346008300781,87493600
2019-02-26,41.46931508945012,41.848890569149845,41.34040032556293,41.61732482910156,68280800
2019-02-27,41.34996174511865,41.77728205593581,41.235370005885635,41.746246337890625,111341600
2019-02-28,41.61494648285592,41.75579472169711,41.280726062799076,41.33563232421875,112861600
2019-03-01,41.60539248308564,41.813084063086116,41.273561690323184,41.77011489868164,103544800
2019-03-04,41.94200066357132,42.4337783274615,41.53138940887495,41.98019790649414,109744800
2019-03-05,42.001683851206835,42.016006907094805,41.667463428832036,41.903804779052734,78949600
2019-03-06,41.698496846730684,41.89425498024918,41.524226938549475,41.662689208984375,83241600
2019-03-07,41.50752482978708,41.64360117319081,41.06588140033503,41.18046951293945,99185600
2019-03-08,40.66003277966587,41.31653281099356,40.46427465819731,41.27833557128906,95997600
2019-03-11,41.89425565466456,42.76083328628098,41.86083397800015,42.70831298828125,128044000
2019-03-12,42.970909618139764,43.60831100701947,42.82051026881575,43.18815231323242,129870400
2019-03-13,43.508038606641094,43.75870293208949,43.19053094676493,43.379127502441406,124130000
2019-03-14,43.90194565805139,43.94969402855419,43.58205197474232,43.86136245727539,94318000
2019-03-15,44.128753237145276,44.720796060386846,43.863765726136734,44.43193435668945,156171600
2019-03-18,44.355534575545406,44.97383742930715,44.353144971142925,44.8855094909668,104879200
2019-03-19,44.9642973802807,45.11708273704642,44.384188031378365,44.52981185913086,126585600
2019-03-20,44.45818824186077,45.23644164440341,44.10009725817005,44.9189338684082,124140800
2019-03-21,45.36295783215886,46.86932635513335,45.31282350160718,46.57330322265625,204136800
2019-03-22,46.63299482334304,47.194005494555036,45.54439880342435,45.608856201171875,169630800
2019-03-25,45.71866799234534,45.83087012477533,44.54651961316686,45.057395935058594,175381200
2019-03-26,45.75447374551605,46.045721333722135,44.064284077836106,44.59186935424805,199202000
2019-03-27,45.059786174955896,45.30089948100044,44.53458674675272,44.992942810058594,119393600
2019-03-28,45.107518558807506,45.25314234444775,44.768526260349205,45.0526123046875,83121600
2019-03-29,45.31761395404041,45.37729579241807,45.00965362810515,45.34626007080078,94256000
2019-04-01,45.74969477506426,45.759242263268476,44.97144517095689,45.654205322265625,111448000
2019-04-02,45.61839070652413,46.42290404035926,45.60884321901872,46.31786346435547,91062800
2019-04-03,46.13405477487213,46.90991856798124,46.11018058570054,46.63538360595703,93087200
2019-04-04,46.50169215026725,46.87888174561078,46.10779353704933,46.716548919677734,76457200
2019-04-05,46.897988470950224,47.05316343833929,46.773849225577045,47.02928924560547,74106400
2019-04-08,46.89081455147626,47.80036495686794,46.871715930873805,47.76933288574219,103526800
2019-04-09,47.8218606070634,48.42584046197502,47.5616450483043,47.626102447509766,143072800
2019-04-10,47.43033920962285,47.92212051778951,47.310975557121054,47.893470764160156,86781200
2019-04-11,47.94838081949238,47.984188458280926,47.37304713835903,47.49479675292969,83603200
2019-04-12,47.55446936708918,47.77887357386464,46.84067719245664,47.47568893432617,111042800
2019-04-15,47.40647419852276,47.70965893122135,47.27039787029543,47.5616455078125,70146400
2019-04-16,47.616548214497456,48.07251458286473,47.40169146179994,47.56641387939453,102785600
2019-04-17,47.63564578548703,48.55236142338571,47.413631135907046,48.492679595947266,115627200
2019-04-18,48.490286901803195,48.73617572376677,48.34705271069138,48.66694641113281,96783200
2019-04-22,48.42106474997594,48.92477956166057,48.30408704698256,48.826900482177734,77758000
2019-04-23,48.80301661883193,49.59559294531774,48.676491450506916,49.53113555908203,93292000
2019-04-24,49.50249097577655,49.76986437478454,49.42848609874323,49.45474624633789,70162400
2019-04-25,49.3759636808939,49.59797830244953,48.967738429960725,49.00593566894531,74172800
2019-04-26,48.91522210882772,48.93909629580391,48.25156050901197,48.77198791503906,74596400
2019-04-29,48.79585489538242,49.170658475934694,48.66694376611907,48.84598922729492,88818800
2019-04-30,48.47596891449491,48.55713532887878,47.532996731014585,47.90541076660156,186139600
2019-05-01,50.10408875249977,51.400376291203976,49.94891381611676,50.256874084472656,259309200
2019-05-02,50.09453963227768,50.76536281433166,49.68631795761022,49.92981719970703,127985200
2019-05-03,50.34520096477196,50.57199117489854,50.1876400699806,50.550506591796875,83569600
2019-05-06,48.76960270232786,49.855812739144525,48.58100972191574,49.76987075805664,129772400
2019-05-07,49.149176286929475,49.51681471565359,47.943602727798975,48.428218841552734,155054800
2019-05-08,48.199032140387494,49.020254494269096,48.16322450860907,48.43775939941406,105358000
2019-05-09,47.840952465060795,48.14652313682094,46.94811463835433,47.9173469543457,139634400
2019-05-10,47.31102983477809,47.65372636341714,46.19667464275827,47.25351333618164,164834800
2019-05-13,44.98407358813538,45.408245519270494,43.81939074079154,44.50717544555664,229722400
2019-05-14,44.67253738454349,45.46097333316388,44.43289071050813,45.21174240112305,146118800
2019-05-15,44.63897868140736,45.95224118661462,44.579067024058446,45.753334045410156,106178800
2019-05-16,45.51129298187126,46.12478777769744,45.25486932916094,45.552032470703125,132125600
2019-05-17,44.79714638618235,45.74854387618077,44.75640689461861,45.293216705322266,131516400
2019-05-20,43.979949669541405,44.178856807213535,43.20349328767014,43.87689971923828,154449200
2019-05-21,44.38735740248691,45.053574865945905,44.26274010770005,44.71807098388672,113459200
2019-05-22,44.25315300927631,44.50478273302888,43.74749841159521,43.802616119384766,118994400
2019-05-23,43.08847058296319,43.26580677264261,42.611572408898915,43.0549201965332,146118800
2019-05-24,43.18432505134615,43.64924013152873,42.805682910338874,42.88956069946289,94858800
2019-05-28,42.8775836623965,43.277793180269335,42.63554183136246,42.71222686767578,111792800
2019-05-29,42.27845585703999,42.98062234841405,42.17780471640916,42.50851821899414,113924800
2019-05-30,42.64512229809682,42.95186972951379,42.338374866679864,42.729000091552734,84873600
2019-05-31,42.2329281309598,42.654708575512196,41.93576862508081,41.95494079589844,108174400
2019-06-03,42.08194583387988,42.637924063031484,40.80462897423978,41.530757904052734,161584400
2019-06-04,42.04361362408563,43.09566239050077,41.82313911991477,43.05012893676758,123872000
2019-06-05,44.16209230576257,44.332243066795876,43.4096018358024,43.7451057434082,119093600
2019-06-06,43.87451208506323,44.44726747099112,43.651638784012235,44.38735580444336,90105200
2019-06-07,44.69648835711677,45.99297740766236,44.51915220426031,45.56880187988281,122737600
2019-06-10,45.96662461499967,46.8197661273768,45.921091165173166,46.151153564453125,104883600
2019-06-11,46.69754519733289,46.970742225231355,46.39559174230331,46.68556213378906,107731600
2019-06-12,46.47946697764428,46.96355423391582,46.34526543888805,46.536983489990234,73012800
2019-06-13,46.65920737441775,47.16006805274296,46.39559822321832,46.527400970458984,86698400
2019-06-14,45.904322579959256,46.39320020134091,45.60476422803668,46.18950271606445,75046000
2019-06-17,46.22783260024407,46.72150772045912,46.052891587494855,46.465084075927734,58676400
2019-06-18,46.982722325563635,47.998821691765386,46.78142003490676,47.5578727722168,106204000
2019-06-19,47.852640304899516,47.9005725592601,47.284678926559096,47.418880462646484,84496800
2019-06-20,48.0179909537039,48.075507457573906,47.45721875366059,47.7999153137207,86056000
2019-06-21,47.64175303263574,48.133029378756156,47.48598052172473,47.636959075927734,191202400
2019-06-24,47.5794318641311,47.96766182237371,47.490763796922536,47.589019775390625,72881600
2019-06-25,47.55308073051549,47.751987879310825,46.80059043176467,46.86769485473633,84281200
2019-06-26,47.39491110661809,48.16657348373054,47.294259969175215,47.88139343261719,104270000
2019-06-27,47.99881855051386,48.3055695796001,47.82627635318371,47.86701583862305,83598800
2019-06-28,47.61299638561164,47.809508400930234,47.22237481857817,47.43086624145508,124442400
2019-07-01,48.6889961023964,49.00533134895469,48.08508568596845,48.3007698059082,109012000
2019-07-02,48.26723307900931,48.679425613175255,48.255250015060284,48.58356475830078,67740800
2019-07-03,48.71536604902747,48.993357013988195,48.573975416695106,48.986167907714844,45448000
2019-07-05,48.73214855676673,49.146736244332814,48.6243046370855,48.94303512573242,69062000
2019-07-08,48.123439407842795,48.26483004258469,47.54828895586912,47.934120178222656,101354400
2019-07-09,47.73760506281078,48.29118815938511,47.644143029060785,48.22648620605469,82312000
2019-07-10,48.37267453109264,48.823207716402926,48.30317495947734,48.70338439941406,71588400
2019-07-11,48.722561119993294,48.98137994767097,48.339128663843894,48.34871292114258,80767200
2019-07-12,48.51646033634091,48.88791335049453,48.45654867782315,48.72016143798828,70380800
2019-07-15,48.909484042353284,49.33605478787525,48.88791672141196,49.17789077758789,67789600
2019-07-16,49.02930352530581,49.393567429544646,48.768089574240236,49.00773620605469,67467200
2019-07-17,48.89989913865166,49.149130043019106,48.71297504619667,48.732147216796875,56430000
2019-07-18,48.88791415785004,49.33845100749355,48.816019435097935,49.285728454589844,74162400
2019-07-19,49.31688305319296,49.487033785576166,48.4948967896062,48.55001449584961,83717200
2019-07-22,48.80403991560377,49.661975380848794,48.794455658342386,49.65958023071289,89111600
2019-07-23,49.956738737439146,50.064578990974375,49.67634895884314,50.04780197143555,73420800
2019-07-24,49.76741817507398,50.12209418470075,49.647594852943,50.00706481933594,59966400
2019-07-25,50.05978660733076,50.14366439422553,49.542148986036345,49.61164855957031,55638400
2019-07-26,49.72188447879348,50.26108942568483,49.640405497764334,49.78419494628906,70475600
2019-07-29,49.95673422966865,50.47916208738292,49.95194027355907,50.24909973144531,86693600
2019-07-30,50.02863804950347,50.364145585133684,49.68115110561913,50.03343200683594,135742800
2019-07-31,51.86432039500686,53.05057041741711,50.63733088652627,51.05431365966797,277125600
2019-08-01,51.260410296588674,52.2501520023427,49.544543285154184,49.94954299926758,216071600
2019-08-02,49.25457677249791,49.47025729958617,48.31995627949175,48.8927116394043,163448400
2019-08-05,47.447641588131205,47.60580559815315,46.15115233297481,46.333282470703125,209572000
2019-08-06,47.04503901922829,47.46681951501449,46.50104003344121,47.21039581298828,143299200
2019-08-07,46.82934598449226,47.823877975536284,46.448308743686994,47.69926071166992,133457600
2019-08-08,47.97725090959715,48.77527456500826,47.783137739281464,48.75130844116211,108038000
2019-08-09,48.42415480097006,48.77536618277326,47.94063258255727,48.34958267211914,98478800
2019-08-12,48.02002268819342,48.60457853933476,47.90696052090706,48.22690200805664,89927600
2019-08-13,48.356801205981334,51.031795643671664,48.22689828437496,50.269229888916016,188874000
2019-08-14,48.87158997225576,49.6606171063461,48.73447063907869,48.7729606628418,146189600
2019-08-15,48.94375735403797,49.3478915876303,48.03204373725205,48.529998779296875,108909600
2019-08-16,49.14100791624472,49.833813592722215,49.03516219671506,49.675045013427734,110481600
2019-08-19,50.666136435377204,51.17371207530313,50.5242086239398,50.60118865966797,97654400
2019-08-20,50.728694111631654,51.322870579192134,50.59398269188871,50.60360336303711,107537200
2019-08-21,51.2362731993296,51.395038142607625,50.901898878290325,51.152076721191406,86141600
2019-08-22,51.2843856202691,51.585082094265125,50.69742551573104,51.10877990722656,89014800
2019-08-23,50.37987945350891,51.01014164863292,48.35198454994893,48.746498107910156,187272000
2019-08-26,49.521097197863455,49.841038661740455,49.32865073537815,49.67264938354492,104174400
2019-08-27,50.00221676728974,50.16820181272342,48.960603712717386,49.11215591430664,103493200
2019-08-28,49.097712670287585,49.48741405398377,48.91007839883308,49.441707611083984,63755200
2019-08-29,50.15616772556869,50.35342635813325,49.713543433301666,50.27885055541992,83962000
2019-08-30,50.55548455581892,50.625244504633685,49.84343387490711,50.21389389038086,84573600
2019-09-03,49.65821067205432,49.790517838568434,49.126581426530514,49.48260498046875,80092000
2019-09-04,50.12969712825744,50.39190350308063,49.87230292351283,50.3221435546875,76752400
2019-09-05,50.99811361359005,51.47201147242179,50.88023929372371,51.306026458740234,95654800
2019-09-06,51.491262157017566,51.5802671339122,51.12080206554331,51.30121994018555,77449200
2019-09-09,51.681299198955934,52.06619212190076,50.774401351657886,51.52012634277344,109237600
2019-09-10,51.44556068094827,52.14798723364633,50.92836419189196,52.12874221801758,127111600
2019-09-11,52.45830932866019,53.8150517630095,52.37651709261264,53.78618240356445,177158400
2019-09-12,54.07725558292079,54.46695704558074,53.610574059650254,53.66590118408203,128906800
2019-09-13,52.92257603236607,53.11261457668617,52.205716712062376,52.62187957763672,159053200
2019-09-16,52.37651279298673,52.953852216544,52.33561851362574,52.898521423339844,84632400
2019-09-17,52.91295151722097,53.11983080987123,52.71088072465714,53.09096145629883,73274800
2019-09-18,53.17757001208415,53.60816942297296,52.78786855223211,53.588924407958984,101360000
2019-09-19,53.40610079147599,53.82707587682155,53.011587144033754,53.15351867675781,88242400
2019-09-20,53.254542597972154,53.53839827071438,52.313963268360816,52.37650680541992,221652400
2019-09-23,52.66998928927248,52.884085014203336,52.357264248091994,52.614662170410156,76662000
2019-09-24,53.170354738877656,53.52156984690006,52.24661602191957,52.36448669433594,124763200
2019-09-25,52.573772160146284,53.283415103474375,52.234585657096204,53.170352935791016,87613600
2019-09-26,52.922575784081715,53.1487001042751,52.64112434424878,52.896114349365234,75334000
2019-09-27,53.05247641965326,53.153513660739534,52.26826137037772,52.63872146606445,101408000
2019-09-30,53.139074136101655,54.0243263762996,53.11261270219493,53.877586364746094,103909600
2019-10-01,54.14219965889246,54.89995321519849,53.932912441810814,54.026729583740234,139223200
2019-10-02,53.65867588561685,53.78376662810997,52.424616563859,52.672393798828125,138449200
2019-10-03,52.544895978759946,53.15350893903849,51.75106032831382,53.11983108520508,114426000
2019-10-04,54.27932074932847,54.72435299074208,53.85834569362794,54.608882904052734,138478800
2019-10-07,54.43087209456384,55.311308550510645,54.327430602345274,54.62091064453125,122306000
2019-10-08,54.32262009604962,54.86146578985083,53.96418860317499,53.98102569580078,111820000
2019-10-09,54.61369705200195,54.79651918996035,54.27932271391052,54.61369705200195,74770400
2019-10-10,54.830191946444145,55.433992769762874,54.67864343102517,55.349796295166016,113013600
2019-10-11,56.03779132655972,57.1660050272492,55.88383488648209,56.8220100402832,166795600
2019-10-14,56.506874566173074,57.283876824130715,56.45154744797599,56.74021530151367,96427600
2019-10-15,56.8653082294218,57.16840893665815,56.502068230785376,56.607913970947266,87360000
2019-10-16,56.13882591575506,56.588670322294504,56.097931637089864,56.3793830871582,73903200
2019-10-17,56.552583041096554,56.80757304870868,56.17491020074965,56.598289489746094,67585200
2019-10-18,56.4323014089496,57.15156861487775,56.3601335292246,56.8701171875,97433600
2019-10-21,57.13713976525744,57.971873434702374,57.089029065616195,57.85640335083008,87247200
2019-10-22,58.01276606582909,58.26294389922715,57.64230598082633,57.724098205566406,82293600
2019-10-23,58.2388930421775,58.51312807252894,58.027201555375974,58.49869155883789,75828800
2019-10-24,58.818629879608615,58.88839351156194,58.16912628162669,58.594913482666016,69275200
2019-10-25,58.4938842476848,59.352671463902205,58.426528531534856,59.31658935546875,73477200
2019-10-28,59.51866101206407,59.95888112135219,59.350271708934834,59.910770416259766,96572800
2019-10-29,59.89152079103439,60.07915509588314,58.35195632288788,58.52515411376953,142839600
2019-10-30,58.878772466807476,59.00867539604496,58.02479743733707,58.51793670654297,124522000
2019-10-31,59.47535156050555,59.93962510180534,57.07458854156934,59.84099578857422,139162000
2019-11-01,60.02863474954351,61.565794923188214,59.93722552071114,61.539337158203125,151125200
2019-11-04,61.90256442866668,62.027658837469005,61.43348241932148,61.94346237182617,103272000
2019-11-05,61.835228240717875,62.10946698544278,61.65962617481629,61.85447692871094,79897600
2019-11-06,61.76786586873383,61.94106733591677,61.431087277328864,61.88092803955078,75864400
2019-11-07,62.428620865759896,62.81708447430913,62.2766136869042,62.5951042175293,94940400
2019-11-08,62.41656422082973,62.83880314137399,61.97261103939182,62.766422271728516,69986400
2019-11-11,62.32246650947536,63.32860485433019,62.317643572216376,63.26346206665039,81821200
2019-11-12,63.10661047248142,63.40580187077444,62.95461066850528,63.205535888671875,87388800
2019-11-13,63.005296289315105,63.88596470199098,62.990820113137914,63.8111686706543,102734400
2019-11-14,63.637437860118794,63.91008474357513,63.23932834710609,63.36962127685547,89182800
2019-11-15,63.62054080630693,64.12722894235556,63.45888775617379,64.12240600585938,100206400
2019-11-18,64.13207205686805,64.52535872127152,63.75326893303377,64.44573974609375,86703200
2019-11-19,64.63875387055919,64.66288328473601,64.033147545322,64.25029754638672,76167200
2019-11-20,64.06932349144424,64.19960904465235,62.829144043284764,63.502315521240234,106234400
2019-11-21,63.62296081470307,63.700171984109126,63.01734720977178,63.217613220214844,121395200
2019-11-22,63.35756036985573,63.49991434036952,62.93532139581433,63.16212463378906,65325200
2019-11-25,63.386493752760344,64.28646834745726,63.340650088807934,64.26957702636719,84020400
2019-11-26,64.40711190448987,64.46019365736076,63.33583097437663,63.767723083496094,105207600
2019-11-27,64.07898895883437,64.65806549210242,64.01384616231051,64.62428283691406,65235600
2019-11-29,64.3251034224892,64.6628931828812,64.15620486066094,64.48193359375,46617600
2019-12-02,64.48673780121864,64.72319424644424,63.56505615770284,63.73636245727539,94487200
2019-12-03,62.32488301011455,62.61924418107647,61.8375012589291,62.599945068359375,114430400
2019-12-04,62.99079372614317,63.53125704572649,62.896691257147594,63.15244674682617,67181600
2019-12-05,63.64709466989342,64.15378288001588,63.39133909623157,64.0789794921875,74424400
2019-12-06,64.53741422211255,65.38671502853519,64.49397833560806,65.31674194335938,106075600
2019-12-09,65.14542753704795,65.33844808074191,63.917316471885385,64.40229034423828,128042400
2019-12-10,64.80763123629215,65.16231215536672,64.14652084747135,64.77867889404297,90420400
2019-12-11,64.85831695707625,65.41084886210179,64.7835209297938,65.33122253417969,78756800
2019-12-12,64.60980465760038,65.7631200239526,64.4988181829113,65.49771118164062,137310400
2019-12-13,65.49769430196437,66.42420617913521,65.36981653316047,66.38801574707031,133587600
2019-12-16,66.83439663061318,67.74884765705623,66.82957369318359,67.52445220947266,128186000
2019-12-17,67.4544688710819,67.98527901702172,67.26867906123083,67.65714263916016,114158400
2019-12-18,67.50995957045932,68.0166476810069,67.34589137870454,67.4954833984375,116028400
2019-12-19,67.43759430484558,67.84294194171301,67.3048935762057,67.56305694580078,98369200
2019-12-20,68.0962670869402,68.19760028081991,67.21076871731513,67.423095703125,275978000
2019-12-23,67.68610617936537,68.58366579405019,67.64750059383174,68.52334594726562,98572000
2019-12-24,68.68982629575491,68.73808511636746,68.26276445005648,68.58848571777344,48478800
2019-12-26,68.72120656096197,69.96620925880787,68.6922542085201,69.9493179321289,93121200
2019-12-27,70.24125821645885,70.92890598367917,69.51742001165071,69.92276763916016,146266000
2019-12-30,69.84073357609194,70.62006869460002,68.81771126880989,70.3377685546875,144114400
2019-12-31,69.9541250315122,70.8589226567842,69.85519960755771,70.8516845703125,100805600
2020-01-02,71.4765996590847,72.52858156247073,71.22325926076245,72.46826171875,135480400
2020-01-03,71.69614448126268,72.52373073569198,71.53931440462966,71.76370239257812,146322800
2020-01-06,70.88546446996966,72.37415398165305,70.6345318765685,72.3355484008789,118387200
2020-01-07,72.34521202863968,72.60096759515153,71.7757961977681,71.995361328125,108872000
2020-01-08,71.6985739444987,73.45508735263148,71.6985739444987,73.15348815917969,132079200
2020-01-09,74.13068273740295,74.90036463569696,73.87975745537804,74.70734405517578,170108400
2020-01-10,74.94136320691373,75.44081319943417,74.37435529486838,74.87621307373047,140644800
2020-01-13,75.19231323252647,76.50245856347271,75.07408132346671,76.47591400146484,121532000
2020-01-14,76.41317742986432,76.62308929816353,75.32018220682278,75.44322967529297,161954400
2020-01-15,75.2429736592525,76.12364189473249,74.6880266854858,75.11991882324219,121923600
2020-01-16,75.66280356227105,76.17190690767254,75.30088447470833,76.0609130859375,108829200
2020-01-17,76.30945471433203,76.90541529498466,76.00303244066411,76.90300750732422,137816400
2020-01-21,76.53139743845387,76.97293540809704,76.24427442355741,76.38180541992188,110843200
2020-01-22,76.86680735013732,77.20701227331683,76.56038508582297,76.65448760986328,101832400
2020-01-23,76.70756039684032,77.10325483712239,76.15985137274346,77.02363586425781,104472000
2020-01-24,77.26971830945405,78.01285552986269,76.61102297800898,76.8016357421875,146537600
2020-01-27,74.81109818347939,75.22368393993314,73.56127252486844,74.54328155517578,161940000
2020-01-28,75.42391253142917,76.82332956098408,75.32498713237379,76.65202331542969,162234000
2020-01-29,78.28309821074268,79.103446634538,77.54236874294361,78.25655364990234,216229200
2020-01-30,77.33970079826872,78.19623972141919,76.9078086113338,78.14315795898438,126743200
2020-01-31,77.43381298813556,77.85605203036224,74.384044534893,74.67840576171875,199588400
2020-02-03,73.42130011057627,75.6386578310323,72.91944232393651,74.47328186035156,173788400
2020-02-04,76.07781457826587,77.12255860741972,75.67246691320435,76.93194580078125,136616400
2020-02-05,78.0587002140709,78.35789164403798,76.95605907395962,77.55925750732422,118826800
2020-02-06,77.82947991175031,78.46886870193435,77.27212521509354,78.4664535522461,105425600
2020-02-07,77.96582750464246,78.2149347676415,76.90893545307632,77.39989471435547,117684000
2020-02-10,75.98504645076437,77.76749420166016,75.90523855208762,77.76749420166016,109348800
2020-02-11,78.26331148915241,78.33586413946524,77.08065162389036,77.2983169555664,94323200
2020-02-12,77.74816513747918,79.13881418044723,77.74816513747918,79.13397979736328,113730400
2020-02-13,78.40600748455542,78.89696679324649,78.20285267206994,78.57046508789062,94747600
2020-02-14,78.53899612303906,78.83889754558896,78.08189979739392,78.58979034423828,80113600
2020-02-18,76.2704349958008,77.3321687046637,76.08904601525819,77.1507797241211,152531200
2020-02-19,77.39263210107522,78.49789739964547,77.39263210107522,78.26813507080078,93984000
2020-02-20,78.02871401030635,78.51725240619737,76.95972489443142,77.46519470214844,100566000
2020-02-21,77.05887881173565,77.5014720805536,75.09504186089677,75.71176147460938,129554000
2020-02-24,71.8929330165793,73.56654484289926,69.950861613102,72.11543273925781,222195200
2020-02-25,72.7853553748288,73.1674782506727,69.20110730705076,69.67271423339844,230673600
2020-02-26,69.2978515957081,72.04287320574078,69.29059633111234,70.77798461914062,198054800
2020-02-27,67.98460978013814,69.16968329754985,66.015930635838,66.1513671875,320605600
2020-02-28,62.218866092738025,67.33403591375473,62.00361420698183,66.11267852783203,426510000
2020-03-02,68.26998589980724,72.90387135222704,67.16714131154524,72.2677993774414,341397200
2020-03-03,73.44319556548463,73.52300347304629,69.12129439177312,69.97261810302734,319475600
2020-03-04,71.69459728745565,73.3778849017667,70.89406787161629,73.21826171875,219178400
2020-03-05,71.47210154193513,72.4467648225109,70.47809334857007,70.84329223632812,187572800
2020-03-06,68.20225442366566,70.33539053552722,68.01603106687887,69.90247344970703,226176800
2020-03-09,63.78846370366684,67.25662042749718,63.6070747073531,64.37374877929688,286744800
2020-03-10,67.02687337652254,69.27609424415243,65.14767842910632,69.01005554199219,285290000
2020-03-11,67.08733175658426,68.01362169576068,65.74988307252373,66.61329650878906,255598800
2020-03-12,61.8996041788163,65.30004285714023,59.9792986243362,60.0349235534668,418474000
2020-03-13,64.06416467440111,67.69919907964612,61.17644819639121,67.22758483886719,370732000
2020-03-16,58.51609179443726,62.65901412516802,58.044481123383505,58.578975677490234,322423600
2020-03-17,59.86079146440188,62.303494624543745,57.65751943951495,61.154701232910156,324056000
2020-03-18,57.98885734585637,60.4630023695136,57.34794730651824,59.65763473510742,300233600
2020-03-19,59.8317610046788,61.1498535536418,58.67570883898437,59.20052719116211,271857200
2020-03-20,59.780979833542105,60.905593927619734,55.142259915533515,55.44215774536133,401693200
2020-03-23,55.16160047962253,55.26317786918558,51.42015002405914,54.26432800292969,336752800
2020-03-24,57.1641431646422,59.904326973466,56.66592859765041,59.70842742919922,287531200
2020-03-25,60.644394003218935,62.45828415286656,59.08444921259577,59.37950897216797,303602000
2020-03-26,59.62134059189626,62.56225734357124,59.582643396255975,62.504215240478516,252087200
2020-03-27,61.12809336695391,61.882670430565696,59.74953769675213,59.91641616821289,204216800
2020-03-30,60.64196895182637,61.79802116213787,60.317884482413085,61.626304626464844,167976400
2020-03-31,61.81737089780695,63.483727291886396,60.946702246706586,61.50054168701172,197002000
2020-04-01,59.6165240756465,60.15343586559381,57.83407583491139,58.26457214355469,176218400
2020-04-02,58.12670897901646,59.290016512254034,57.29473750591379,59.23680877685547,165934000
2020-04-03,58.721672212892855,59.423041606914005,57.795378517377415,58.385498046875,129880000
2020-04-06,60.68065299317754,63.633663246501584,60.313040684944006,63.4788818359375,201820400
2020-04-07,65.49353582701526,65.71120858870185,62.63968443072946,62.74367904663086,202887200
2020-04-08,63.544192303076315,64.66396824725281,63.17900080091498,64.34956359863281,168895200
2020-04-09,64.98562401276064,65.31696001402688,64.0182161815665,64.81390380859375,161834800
2020-04-13,64.89131758100808,66.19490356550595,64.29152188952229,66.08606719970703,131022800
2020-04-14,67.71854594923653,69.71382453524082,67.24693169479575,69.42359924316406,194994800
2020-04-15,68.29901107744294,69.2494877739681,67.87093564591146,68.78997039794922,131154400
2020-04-16,69.50343396347523,69.7017543891835,68.28691861079514,69.33655548095703,157125200
2020-04-17,68.85285583806908,69.39944379426973,66.95915028721262,68.395751953125,215250000
2020-04-20,67.22276798842614,68.12487124671051,66.95672930580358,66.97607421875,130015200
2020-04-21,66.81888089328784,67.05347766583337,64.19478479973962,64.90583038330078,180991600
2020-04-22,66.17313585465308,67.21068321571147,65.83213095921919,66.77535247802734,116862400
2020-04-23,66.7197182347329,68.14180934991,66.47786620509702,66.51656341552734,124814400
2020-04-24,67.04139072828913,68.44655053818545,66.99301736634283,68.43687438964844,126161200
2020-04-27,68.15386329715461,68.81654253011887,67.7064431812968,68.4852066040039,117087600
2020-04-28,68.9471521499239,69.12854111634766,67.28321689774812,67.37511444091797,112004800
2020-04-29,68.86253288111276,70.05728252965069,68.65937805652075,69.58808898925781,137280800
2020-04-30,70.12739587868194,71.2326611643709,69.73801774571496,71.05610656738281,183064000
2020-05-01,69.23013833651491,72.31375148512824,69.13339900800005,69.91216278076172,240616800
2020-05-04,69.93632692793965,71.02949501139257,69.24704744062551,70.90131378173828,133568000
2020-05-05,71.36083945419138,72.79744070168688,71.21572680056569,71.96546936035156,147751200
2020-05-06,72.66686682718748,73.33921524900761,72.28232294305278,72.7079849243164,142333600
2020-05-07,73.33438362592382,73.80599810613609,73.03206854392603,73.46014404296875,115215200
2020-05-08,74.119757726088,75.26196230929314,73.79237217273885,75.20861053466797,133838400
2020-05-11,74.71631428574544,76.88674476777591,74.50775467946016,76.39203643798828,145946400
2020-05-12,77.07589353648245,77.52695980197926,75.39775148384071,75.51900482177734,162301200
2020-05-13,75.69846552238357,76.61999543008798,73.53045501521297,74.60718536376953,200622400
2020-05-14,73.84571291244961,75.12614791139806,73.12304032792042,75.06552124023438,158929200
2020-05-15,72.83687396484294,74.66779621600826,72.80291948142614,74.62171936035156,166348400
2020-05-18,75.9458316362108,76.7533757455592,75.2546860142826,76.37991333007812,135178400
2020-05-19,76.39687132782922,77.24321718664922,75.90701054835078,75.93853759765625,101729600
2020-05-20,76.79702397462873,77.48574215036817,76.75822201252429,77.41542053222656,111504800
2020-05-21,77.27717806754521,77.8179706179206,76.60058237100931,76.83824157714844,102688800
2020-05-22,76.57632739090906,77.41540578523484,76.47447873541405,77.33295440673828,81803200
2020-05-26,78.4509106181763,78.63036319231934,76.75336386600556,76.80914306640625,125522000
2020-05-27,76.6660601761675,77.289296677021,75.92641041182232,77.14379119873047,112945200
2020-05-28,76.81883708906608,78.43635987423401,76.54238332681012,77.17774963378906,133560800
2020-05-29,77.42026037966232,77.88102160812149,76.74609208099886,77.10257720947266,153532400
2020-06-01,77.05650232055906,78.1720345974753,76.92554663308496,78.05078125,80791200
2020-06-02,77.7840255273494,78.43636915500637,77.34266154865261,78.41211700439453,87642800
2020-06-03,78.73220664717118,79.10566894505062,78.15988712827792,78.84375762939453,104491200
2020-06-04,78.6667550692759,78.965033585586,77.79130199936047,78.16476440429688,87560400
2020-06-05,78.41454026494723,80.45159499569716,78.38544064604918,80.3909683227539,137250400
2020-06-08,80.0878503032951,80.90024935653804,79.37730733642842,80.86629486083984,95654400
2020-06-09,80.5461703012507,83.81272809723069,80.51464324949785,83.41986846923828,147712400
2020-06-10,84.36806419501069,86.03408373865788,83.9291277394335,85.56604766845703,166651600
2020-06-11,84.71001596343379,85.13440269433788,81.35615151209016,81.45800018310547,201662400
2020-06-12,83.59691311681682,84.34383052506377,81.05059266944424,82.16127014160156,200146000
2020-06-15,80.81537017078598,83.82972713796804,80.65288740054817,83.17738342285156,138808800
2020-06-16,85.2313990507297,85.65336572310193,83.59690633112962,85.38175201416016,165428800
2020-06-17,86.12625510451949,86.18688178098341,85.1416784708026,85.26293182373047,114406400
2020-06-18,85.21928633315488,85.71400210817573,84.68819603071728,85.29689025878906,96820400
2020-06-19,86.00256905688693,86.46817771918761,83.7011757246082,84.80943298339844,264476000
2020-06-22,85.20229118895983,87.17144413379616,85.15621433033841,87.02836608886719,135445200
2020-06-23,88.27245220934594,90.30465984817053,87.85291289035612,88.88599395751953,212155600
2020-06-24,88.51495463894143,89.43405719903721,86.94350839643548,87.31697082519531,192623200
2020-06-25,87.47217654394532,88.51495247583935,86.71312932901027,88.47615051269531,137522400
2020-06-26,88.3718744192934,88.5925564218204,85.60971933565048,85.75765228271484,205256800
2020-06-29,85.66550295799838,87.82866626069892,85.18776440060446,87.73408508300781,130646000
2020-06-30,87.32182900307377,88.75262477682146,87.30243171900806,88.46646118164062,140223200
2020-07-01,88.54406749791374,89.08728027497217,88.25063638895476,88.29913330078125,110737200
2020-07-02,89.20611362049299,89.84148015095647,88.18516222766544,88.29913330078125,114041600
2020-07-06,89.72747297069945,91.12916130648333,89.69594591770318,90.66112518310547,118655600
2020-07-07,91.03944797633464,91.81789246963082,90.26827838855647,90.37982940673828,112424400
2020-07-08,91.35711714225694,92.51629878115334,91.26981088874352,92.48477172851562,117092000
2020-07-09,93.37722340717497,93.43057518950638,91.83488399186112,92.88251495361328,125642800
2020-07-10,92.47751803467382,93.10318955942095,91.86640372278158,93.04498291015625,90257200
2020-07-13,94.34965940036575,96.9590339515966,92.40233082748179,92.61573791503906,191649200
2020-07-14,91.99732841763048,94.33994377964609,91.0636836420722,94.14836883544922,170989200
2020-07-15,96.02295123465481,96.27273284060122,93.5978842251878,94.79586791992188,153198000
2020-07-16,93.66820411710265,94.48545043557607,93.03041037162107,93.62940216064453,110577600
2020-07-17,94.0804677579499,94.23566818195913,92.9673556043315,93.44024658203125,92186800
2020-07-20,93.527569101271,95.54764680403545,93.18320630571225,95.40941619873047,90318000
2020-07-21,96.19998173978415,96.27515822341762,93.84281636080428,94.09259796142578,103433200
2020-07-22,93.79431625820118,95.03837684731691,93.70701739615949,94.35693359375,89001600
2020-07-23,94.09016627142198,94.16777018673336,89.25216234988122,90.0621337890625,197004400
2020-07-24,88.2603063707244,90.18338250647658,86.47302597872792,89.83901977539062,185438800
2020-07-27,90.90119574558146,92.06037728689391,90.67809376229332,91.96822357177734,121214000
2020-07-28,91.5389826437197,91.71601515700848,90.452550221024,90.45740509033203,103625600
2020-07-29,90.94002484369736,92.37566795887918,90.90365031390351,92.19136047363281,90329200
2020-07-30,91.36438869547271,93.41114559964625,90.9569792625978,93.30686950683594,158130000
2020-07-31,99.8011951135409,103.22538804359196,97.8029351589063,103.07503509521484,374336800
2020-08-03,104.95689689079155,108.2913640186851,104.6586183859917,105.67229461669922,308151200
2020-08-04,105.86146544829273,107.46928629631358,105.13879270885472,106.37800598144531,173071600
2020-08-05,106.09912187925951,107.08369861163986,105.63350570104194,106.76358795166016,121776800
2020-08-06,107.095798287908,110.98318005233068,106.506508834704,110.48846435546875,202428800
2020-08-07,110.00986453782278,110.46660028081871,107.17956943228634,107.97642517089844,198045600
2020-08-10,109.4219488794754,110.56378836086954,106.89533339122227,109.54585266113281,212403600
2020-08-11,108.80973853697522,109.30777067354109,106.02802731765381,106.28797912597656,187902400
2020-08-12,107.37879756886053,110.07790879616837,107.18444536818468,109.82038879394531,165598000
2020-08-13,111.20028437723826,112.76727552847855,110.71196475619826,111.763916015625,210082000
2020-08-14,111.58901749702606,111.75421760454509,109.85439412589318,111.6643295288086,165565200
2020-08-17,112.78671524478968,112.81101111968458,110.74598779263943,111.3727798461914,119561600
2020-08-18,111.12498689269856,112.72598654466942,110.78972307405309,112.30083465576172,105633600
2020-08-19,112.70896646857587,113.85566202116895,112.34698241491274,112.44172668457031,145538000
2020-08-20,112.48304002227763,115.05095915162076,112.46603216773778,114.93677520751953,126907200
2020-08-21,115.89641335304087,121.34322020785855,115.88426912064436,120.8597640991211,338054800
2020-08-24,125.06509916365437,125.15013843519527,120.43945211980873,122.30525970458984,345937600
2020-08-25,121.1780064067377,121.64688641801345,119.57943117585931,121.3019027709961,211495600
2020-08-26,122.61866031262531,123.4082280829776,121.55213290407741,122.95149230957031,163022400
2020-08-27,123.55400095827326,123.88683296878132,120.33741816118453,121.481689453125,155552400
2020-08-28,122.45588091995438,122.87374476236184,121.06138518015679,121.28489685058594,187630000
2020-08-31,123.97915723775616,127.30262866474355,122.44374970807395,125.39794158935547,225702700
2020-09-01,129.01296330050218,130.99539444262734,126.84590719277946,130.39288330078125,151948100
2020-09-02,133.7066482975621,134.08564032180732,123.41554463079883,127.69135284423828,200119000
2020-09-03,123.3280682941128,125.20358843955071,117.09898196053354,117.46825408935547,257599600
2020-09-04,116.68111776737273,120.20866118452791,107.76021579822826,117.5459976196289,332607200
2020-09-08,110.73383843385653,115.63158886854931,109.49968655275791,109.63573455810547,231366600
2020-09-09,113.95043148169943,115.77736730217215,112.0068798970881,114.00873565673828,176940500
2020-09-10,116.96293720757075,117.09898522798876,109.32477873982353,110.28683471679688,182274400
2020-09-11,111.33635359603639,111.97772918558881,106.89533846718923,108.8388900756836,180860300
2020-09-14,111.4821213907461,112.6579692235783,109.61631362694925,112.10405731201172,140150100
2020-09-15,114.99022398928534,115.47611185461919,110.40344135428404,112.27896881103516,184642000
2020-09-16,111.97772065587975,112.72598470596552,108.87775370396636,108.9652099609375,154679000
2020-09-17,106.62325744568642,109.03325762778361,105.64176166922014,107.22575378417969,178011000
2020-09-18,107.28403508185545,107.7504832499777,103.09567691699868,103.82450866699219,287104900
2020-09-21,101.58943010037062,107.0799641548333,100.1900707538578,106.97306823730469,195713800
2020-09-22,109.49969872360111,109.67461866621314,106.07905112970725,108.65425109863281,183055400
2020-09-23,108.46960942834048,108.94577745912319,103.75649121629566,104.09661865234375,150718700
2020-09-24,102.20168376690566,107.13830780144005,102.03648362041909,105.16560363769531,167743300
2020-09-25,105.36964948370711,109.26647248780473,104.63109780542541,109.1109848022461,149981400
2020-09-28,111.76393904662547,112.06518717809003,109.59687570753539,111.71534729003906,137672400
2020-09-29,111.31691932127065,112.0554635809669,110.36457578821059,110.8698959350586,99382200
2020-09-30,110.57835999800264,113.95042293050288,110.41315990508242,112.54134368896484,142675200
2020-10-01,114.31969070873184,114.39743454271479,112.56077909571286,113.49368286132812,116120400
2020-10-02,109.70377282438155,112.1137801442832,109.05268479784137,109.8301010131836,144712000
2020-10-05,110.6949727988638,113.35763612296132,110.34513295609943,113.21186828613281,106243800
2020-10-06,112.43445227836398,112.84260373156758,109.08182887759448,109.96614837646484,161498200
2020-10-07,111.38493900127487,112.2886907442599,110.9087635462189,111.83195495605469,96849000
2020-10-08,112.9689390012096,113.11470685692662,111.35578758231397,111.72506713867188,83477200
2020-10-09,112.02629872507018,113.69775407377182,111.67645888864146,113.6686019897461,100506900
2020-10-12,116.67140501342882,121.64689998480601,115.91342104424781,120.888916015625,240226800
2020-10-13,121.73432451286128,121.85094025235455,116.27295045929802,117.68202209472656,262330500
2020-10-14,117.58486097492064,119.55756448106015,116.24381316344193,117.76950073242188,150712000
2020-10-15,115.36921555833267,117.77921521072741,114.81530369020432,117.30304718017578,112559200
2020-10-16,117.85697447987833,118.11935811253977,115.45668693235429,115.66075897216797,115393800
2020-10-19,116.57422168009768,117.02123764921416,112.39559027449886,112.70655822753906,120639300
2020-10-20,112.92034331318091,115.62188622477068,112.36643141199016,114.19337463378906,124423700
2020-10-21,113.37708965617799,115.35951333260171,113.16329777724089,113.57144927978516,89946000
2020-10-22,114.13506335968486,114.70841493004065,111.35578401227829,112.48304748535156,101988000
2020-10-23,113.1049635330035,113.2604511905594,111.0545163868576,111.7930679321289,82572600
2020-10-26,110.79215536953423,113.2604666650257,109.69404402667767,111.80280303955078,111850700
2020-10-27,112.23037227607989,113.96985164953288,111.30718833691205,113.30904388427734,92276800
2020-10-28,111.80281293277008,112.17208508150478,107.96429393091981,108.06147003173828,143937800
2020-10-29,109.19845732169942,113.62975292211088,109.03324978889975,112.06519317626953,146129200
2020-10-30,107.92542530180775,108.82917715371961,104.6796974682271,105.78752136230469,190272600
2020-11-02,106.03045798084733,107.55614568812253,104.29097841162539,105.7000503540039,122866900
2020-11-03,106.56494539048946,108.34328959669351,105.66119353544151,107.32292938232422,107624400
2020-11-04,110.91847624915665,112.32754802876923,109.17899688086699,111.70561218261719,138235500
2020-11-05,114.62095911814943,116.2438304304953,113.57144682955949,115.67047882080078,126387100
2020-11-06,115.1788900602559,116.03552551635951,113.04702688343866,115.53907012939453,114457900
2020-11-09,117.30100266982897,118.75144452373826,112.96914288637264,113.23197174072266,154515300
2020-11-10,112.48241768033425,114.46825386220857,111.10010975217423,112.89126586914062,138023400
2020-11-11,114.07887428608585,116.45409278270938,113.34878508110145,116.31781005859375,112295000
2020-11-12,116.44435364296932,117.33019127391833,115.4222258727158,116.04523468017578,103162300
2020-11-13,116.269139549406,116.49302940870272,114.74081980829087,116.09391784667969,81581900
2020-11-16,115.76294667468657,117.77799265499445,115.01339166540757,117.10631561279297,91183000
2020-11-17,116.3762301824057,117.46649204968942,115.80188944001708,116.22047424316406,74271000
2020-11-18,115.46118005472933,116.63905646851767,114.86737354648494,114.89657592773438,76322100
2020-11-19,114.46823633236953,115.89921220090177,113.70894483319339,115.49036407470703,74113000
2020-11-20,115.49039036324399,115.61693649962824,114.17623112885316,114.22489929199219,73604300
2020-11-23,114.06915102717399,114.49747245412723,110.73020904206231,110.82755279541016,127959300
2020-11-24,110.885966009348,112.77445860760254,109.60100171666315,112.11251068115234,113874200
2020-11-25,112.4824235383736,113.65056340347142,112.11250688717266,112.94967651367188,76499200
2020-11-27,113.47535385957511,114.37092834738962,113.13464698126013,113.49481964111328,46691300
2020-11-30,113.86470584710362,117.7585146753094,113.70894992908693,115.88948822021484,169410200
2020-12-01,117.79744907350444,120.19214051849595,116.82399690431193,119.46205139160156,127728200
2020-12-02,118.78065829638932,120.0948249747314,117.68065976068435,119.8125228881836,89004200
2020-12-03,120.24084341995774,120.49394313661075,118.96562308637428,119.6762466430664,78967600
2020-12-04,119.34526159986807,119.5983613009378,118.29393123559595,119.00455474853516,78260400
2020-12-07,119.06295553689276,121.26295994561156,119.00455077200225,120.46472930908203,86712000
2020-12-08,121.0682813821168,121.66208795851276,119.82225603327018,121.07801055908203,82225500
2020-12-09,121.2240215863675,122.60632215950014,117.78773593298261,118.54702758789062,115089200
2020-12-10,117.30099698433379,120.58153376453309,116.96029017970807,119.96825408935547,81312200
2020-12-11,119.17975172566112,119.50099273028479,117.3496642850928,119.16028594970703,86939800
2020-12-14,119.34525822854418,120.07534750085607,118.31340110026942,118.54702758789062,79184500
2020-12-15,121.03904746799414,124.50454247866038,120.83462338964168,124.48506927490234,157243700
2020-12-16,124.0275637947843,124.9620697049553,123.20012338037756,124.41693878173828,98208600
2020-12-17,125.47800506998152,126.13996040824293,124.64083543417424,125.28331756591797,94359800
2020-12-18,125.53641332100761,125.67269604688084,122.7718049671832,123.29747009277344,192541500
2020-12-21,121.70100925990957,124.90366837554562,120.17268937086521,124.82579040527344,121251600
2020-12-22,128.11603948994306,130.8417085111979,126.20806671895433,128.37887573242188,168904800
2020-12-23,128.65143115759162,128.91425252595747,127.30806252669929,127.48329162597656,88223700
2020-12-24,127.83375369258947,129.91694086606563,127.61959301416368,128.46649169921875,54930100
2020-12-28,130.43288465030292,133.6939410837403,129.96561683148184,133.0612030029297,124486200
2020-12-29,134.38507537843176,135.1054204796811,130.77356128298763,131.28948974609375,121047300
2020-12-30,131.9806813052001,132.37980036355688,129.8585472989338,130.17005920410156,96452100
2020-12-31,130.52047160916396,131.16295362039511,128.22312384324488,129.16737365722656,99116600
2021-01-04,129.97533030753675,130.06293743283263,123.39479194308862,125.97444152832031,143301900
2021-01-05,125.46831330318366,128.24265933782723,125.02051854198909,127.53202819824219,97664900
2021-01-06,124.32931330194879,127.57091083555537,123.02488352210123,123.23904418945312,155088000
2021-01-07,124.95233107817177,128.13552408640413,124.46560495444153,127.44436645507812,109578200
2021-01-08,128.9142743130051,129.1089766459298,126.77268233415623,128.54437255859375,105158200
2021-01-11,125.76032449463308,126.71430373737336,125.08863992699253,125.55589294433594,100384500
2021-01-12,125.08859951093686,126.24700992969254,123.49213860159901,125.3806381225586,91951100
2021-01-13,125.34171064567087,127.96029966424209,125.07888922385592,127.41516876220703,88636800
2021-01-14,127.32757155716695,127.52225905827079,125.34172042627678,125.48774719238281,90221800
2021-01-15,125.36117045243897,126.76294396711677,123.62842676171266,123.76470947265625,111598500
2021-01-19,124.3877334109567,125.2930517717372,123.5700370457831,124.43640899658203,90757300
2021-01-20,125.24438780808299,128.97271223666024,125.13730745125214,128.52491760253906,104319500
2021-01-21,130.2479286583061,135.96208925479198,130.0434971272025,133.23641967773438,120150900
2021-01-22,132.66206599733243,136.13729751698824,131.435521560002,135.3780059814453,114459400
2021-01-25,139.2718354812106,141.23819854253642,132.9151779412319,139.1258087158203,157611700
2021-01-26,139.78777273313094,140.46918645287846,137.6169631530498,139.3594512939453,98390600
2021-01-27,139.6222601892596,140.46917381461645,136.6824448551771,138.28863525390625,140843800
2021-01-28,135.8160892048896,138.22051793091006,133.07094618183902,133.45059204101562,142621100
2021-01-29,132.22401178645546,133.10985683778753,126.7532152717128,128.45675659179688,177523800
2021-02-01,130.19927257414088,131.7860049108473,127.45412937962104,130.57891845703125,106239800
2021-02-02,132.12667146199954,132.69127555683025,131.0364096809211,131.4063262939453,83305400
2021-02-03,132.15586101329262,132.16560504134387,130.06294479305137,130.38418579101562,89880900
2021-02-04,132.68155527349182,133.75234392204015,131.01694525702797,133.74261474609375,84183100
2021-02-05,133.90348403057772,133.97171978594034,132.45086722756864,133.32827758789062,75693800
2021-02-08,132.61661008272995,133.5232814106689,131.53446261926186,133.4745330810547,71297200
2021-02-09,133.19180084894626,134.42019329345555,132.44113310608114,132.59710693359375,76774200
2021-02-10,133.05525945656302,133.55247138369472,131.0274517780399,131.99261474609375,73046600
2021-02-11,132.4898338171174,132.9675435248031,130.41329236021338,131.73916625976562,64280000
2021-02-12,130.97879561848046,132.1291790385852,130.3353532601655,131.9731903076172,60145100
2021-02-16,132.09015902011436,132.59709996571863,129.45789813500429,129.84786987304688,80576300
2021-02-17,127.95656211624156,128.90222323204904,126.22122859723254,127.55684661865234,97918500
2021-02-18,125.9579652802824,126.73789375549589,124.21288851935199,126.4551773071289,96856700
2021-02-19,126.9718859638425,127.43009341839543,125.56801758188449,126.61116027832031,87668800
2021-02-22,124.79785290469383,126.46495059628728,122.4483306541044,122.83829498291016,103916400
2021-02-23,120.6544792375418,123.5304515985531,115.41922654111875,122.7017822265625,158273000
2021-02-24,121.80488184514299,122.40931941932189,119.16288479188184,122.20458984375,111039900
2021-02-25,121.5513960656033,123.28672920715788,117.51528197921584,117.95398712158203,148199500
2021-02-26,119.51384476967971,121.71713665773981,118.15872464367439,118.21722412109375,164560400
2021-03-01,120.64474122239031,124.71985277897572,119.70883139515851,124.58336639404297,116307900
2021-03-02,125.18782240063729,125.49004121695306,121.87313682284052,121.98037719726562,102260900
2021-03-03,121.67813306792647,122.55555080343935,118.78265825970878,118.99713897705078,112966300
2021-03-04,118.69491428410296,120.49849054949536,115.64345838509743,117.11556243896484,178155000
2021-03-05,117.9442454649468,118.88015523948293,114.61980921267136,118.37319946289062,153766600
2021-03-08,117.89549463389245,117.96373782106434,113.29393276187487,113.44017028808594,154376600
2021-03-09,116.04316964725494,118.99713642859442,115.80919406877891,118.05147552490234,129525800
2021-03-10,118.63641969338748,119.10437082693089,116.45262294368767,116.96932983398438,111943300
2021-03-11,119.46509838909789,120.1182842596345,118.21721868480411,118.89965057373047,103026500
2021-03-12,117.3788074668468,118.1294826044811,116.1699248367297,117.99299621582031,88105100
2021-03-15,118.36344619441722,120.88845140763532,117.39828304156515,120.87870025634766,92403800
2021-03-16,122.54580261068884,124.02766536377307,121.59039794957519,122.4190673828125,115227900
2021-03-17,120.93721148152662,122.70179070070945,119.27011403289939,121.62939453125,111932600
2021-03-18,119.79655333524822,120.08902837100626,117.30079413178964,117.50552368164062,121229700
2021-03-19,116.89134214689703,118.38294855656439,116.67686143267959,116.97908020019531,185549500
2021-03-22,117.31054946298083,120.76172079332808,117.24230627726561,120.29376220703125,111912300
2021-03-23,120.23528824072892,121.12244978834059,119.07514647128622,119.4651107788086,95467100
2021-03-24,119.73807557407793,119.81606991796893,117.05708136591241,117.07657623291016,88530500
2021-03-25,116.54038560410483,118.6071911560223,116.01393492282537,117.56403350830078,98844700
2021-03-26,117.33005928068575,118.4317089821302,115.93594193373995,118.1684799194336,94071200
2021-03-29,118.59743388740822,119.50409766319855,117.70052126390267,118.34395599365234,80819200
2021-03-30,117.09607172542653,117.37879562712054,115.87743806534003,116.89134216308594,85671900
2021-03-31,118.59743117177423,120.42050239594532,118.10997769999379,119.08488464355469,118323800
2021-04-01,120.55699346889742,121.06394179532072,119.41634671803331,119.9135513305664,75089100
2021-04-05,120.7617238181442,122.99426157524732,119.98179530076379,122.74078369140625,88651200
2021-04-06,123.32571551492187,123.93990414772982,122.49704618679874,123.0429916381836,80171300
2021-04-07,122.67252547962673,124.71007713886019,121.99983740172254,124.69058227539062,83466700
2021-04-08,125.71425240153569,127.11812083629366,125.29504953954824,127.08887481689453,88844600
2021-04-09,126.54288414202428,129.70157211744996,126.22116316750967,129.66258239746094,106686700
2021-04-12,129.19467229997423,129.5163933763926,127.35209877205047,127.94679260253906,91420000
2021-04-13,129.11667689697725,131.28097148351077,128.61946483937675,131.05673217773438,91266500
2021-04-14,131.55396314021985,131.6124551846021,128.35626912284386,128.71697998046875,87222800
2021-04-15,130.4620703374586,131.6124535315985,130.2865793306145,131.125,89347100
2021-04-16,130.93001971708307,131.29073056509336,129.93561036138595,130.7935333251953,84922400
2021-04-19,130.1598082608944,132.07063223335706,129.99407588140957,131.45643615722656,94264200
2021-04-20,131.63194282012853,132.12914001786334,128.5024849113631,129.76986694335938,94812300
2021-04-21,129.03869205614907,130.3938122009963,128.00529300875627,130.15008544921875,68847100
2021-04-22,129.701600029045,130.78374722132708,128.11251198833915,128.62921142578125,84566500
2021-04-23,128.84370608473515,131.72942232628785,128.84370608473515,130.9495086669922,78657500
2021-04-26,131.44668736593727,131.67091176764876,130.2085515483263,131.33944702148438,66905100
2021-04-27,131.6221528692033,132.01212448854008,130.74474275851392,131.01771545410156,66015800
2021-04-28,130.9397817179312,131.6319723651053,129.7406500448948,130.2281036376953,107760100
2021-04-29,133.0455464580238,133.630496551131,129.12641653636294,130.1305694580078,151101000
2021-04-30,128.47323262027362,130.20856574635297,127.78105703815494,128.16127014160156,109839500
2021-05-03,128.72667324025528,130.70574751351384,128.52195116516012,129.21412658691406,75135100
2021-05-04,127.89803861753046,128.19051366277054,123.52070128030383,124.641845703125,137564700
2021-05-05,125.9579629580567,127.17659652939219,124.75883168911403,124.88557434082031,84000900
2021-05-06,124.68084466410176,126.49417211958026,123.93991332667143,126.48442840576172,78128300
2021-05-07,127.78328683256159,128.18366637628174,126.44538526075344,127.15828704833984,78973300
2021-05-10,126.37701270502987,126.50395575349485,123.83794311938117,123.87700653076172,88071200
2021-05-11,120.60552510907532,123.31060121990447,119.89263087268371,122.95904541015625,126142800
2021-05-12,120.50787096501224,121.71880695136791,119.38482206893003,119.89263153076172,112172300
2021-05-13,121.66021008886267,123.19341357180042,121.34771025318693,122.04106903076172,105861300
2021-05-14,123.29106392253492,124.892626453878,122.90043727939631,124.46293640136719,81918000
2021-05-17,123.8477128828965,123.95513540332345,122.2363825270762,123.31060028076172,74244600
2021-05-18,123.59379552967953,124.01371786549493,121.8555147978895,121.92387390136719,63342900
2021-05-19,120.27349147179841,121.99223682754793,119.9805196188087,121.76763153076172,92612000
2021-05-20,122.2949800317053,124.72661966171272,122.1680220813628,124.32622528076172,76857100
2021-05-21,124.82428034642234,125.00006198160735,122.27545036153188,122.49029541015625,79295400
2021-05-24,123.05668200832781,124.94144853323611,122.9883229095211,124.12113189697266,63092900
2021-05-25,124.82427074399982,125.31255964913692,123.35942638033971,123.92583465576172,72009500
2021-05-26,123.98442904941227,124.40435140852335,123.45708417165065,123.87700653076172,56575900
2021-05-27,123.4766045875031,124.64847698408089,122.14847856440403,122.34378814697266,94625600
2021-05-28,122.62700604353964,122.85161879427051,121.63091513952054,121.68950653076172,71311100
2021-06-01,122.14847888043448,122.41214756264262,121.03519786563034,121.36722564697266,67637100
2021-06-02,121.36722658627286,122.30472600333286,121.14262130905783,122.12894439697266,59278900
2021-06-03,121.75787349407824,121.9238874136965,120.24419788428176,120.64459228515625,76229200
2021-06-04,121.16215477898149,123.20317504815017,120.94730975584969,122.93949890136719,75169300
2021-06-07,123.21293321808503,123.3594191359653,121.90434257301015,122.94926452636719,71057600
2021-06-08,123.63285119857683,125.44926608565649,123.25199229581943,123.76956939697266,74403800
2021-06-09,124.22856322000109,124.75590806990476,123.55473244780471,124.15043640136719,56877900
2021-06-10,124.04301097808155,125.1855951846905,122.98832875360279,123.15434265136719,71186400
2021-06-11,123.56450647531338,124.45318231886102,123.14458411693292,124.36528778076172,53522400
2021-06-14,124.82427485626314,127.4805197980516,124.09185265030386,127.42192840576172,96906500
2021-06-15,126.89456481981117,127.53909980449085,126.35745233257808,126.60159301757812,62746300
2021-06-16,127.3144772540413,127.82229404162898,125.44925378056163,127.0996322631836,91815000
2021-06-17,126.75785199451342,129.44339964312107,126.61135863661735,128.70120239257812,96721700
2021-06-18,127.64651493849462,128.4277531644962,127.18752928507848,127.40237426757812,108953300
2021-06-21,127.24615390753081,129.30670230447237,126.18170388050524,129.19927978515625,79663300
2021-06-22,129.03324210427792,130.93753650393603,128.5351855604838,130.83987426757812,74783600
2021-06-23,130.63481857945425,131.171931135257,130.10746628787817,130.5664520263672,60214200
2021-06-24,131.29889842930257,131.4844477920528,129.8145184284701,130.2832794189453,68711000
2021-06-25,130.33209840454234,130.7520133222248,129.69732354370646,129.99029541015625,70783700
2021-06-28,130.28322298494274,132.08009463324905,130.2246316118054,131.62110900878906,62111300
2021-06-29,131.6406714747908,133.29106502927266,131.20122118482706,133.1348114013672,64556100
2021-06-30,132.97855283049014,134.18949604999602,132.68558101434905,133.7500457763672,63261400
2021-07-01,133.39850004575504,134.11138680082388,132.5781758729055,134.05279541015625,52485800
2021-07-02,134.66801646633246,136.7188044942125,134.52153799341264,136.67974853515625,78852600
2021-07-06,136.7871274617993,139.7949270892095,136.7871274617993,138.69142150878906,108181800
2021-07-07,140.17584334226723,141.49420932337944,139.31647805419703,141.1817169189453,104911600
2021-07-08,138.2617755637112,140.68364735524526,137.37309975875638,139.88287353515625,105575500
2021-07-09,139.404326309902,142.23635219741325,139.30666407881637,141.70901489257812,99890800
2021-07-12,142.78328687831547,142.89070940744068,140.62507602995242,141.1133575439453,76299700
2021-07-13,140.65435663279786,144.00397520789517,140.2637374239949,142.22662353515625,100827100
2021-07-14,144.62896358307862,146.0645121600824,144.2187940743634,145.6543426513672,127050800
2021-07-15,145.74224306877775,146.48442546002198,143.64262402981763,145.0000457763672,106820300
2021-07-16,144.98053780920102,146.25005768557594,142.46100368486307,142.95904541015625,93251400
2021-07-19,140.38092397459488,140.69343127095988,138.34967125172668,139.11138916015625,121434600
2021-07-20,140.09769861315104,143.65238642562363,139.60941723835447,142.72463989257812,96350000
2021-07-21,142.1191759435654,142.70511955455981,141.24027542823887,141.99221801757812,74993500
2021-07-22,142.51956101020923,144.72658731973024,142.3926030924508,143.35940551757812,77338200
2021-07-23,144.09186284341388,145.23443967973952,143.47662343109712,145.07818603515625,71447400
2021-07-26,144.79496626398165,146.31840180292855,144.23831833181586,145.4980926513672,72434100
2021-07-27,145.62506850801552,145.71297050212902,142.13874637735347,143.3301544189453,104818600
2021-07-28,141.41609361273288,143.52547338784896,139.19929130551824,141.5821075439453,118931200
2021-07-29,141.29889173837356,143.1152993715257,141.1914692207776,142.22662353515625,56699500
2021-07-30,140.99615834422465,142.90045304700064,140.73248218501953,142.44146728515625,70440600
2021-08-02,142.9297606339798,143.50592922511103,141.84577511280253,142.1094512939453,62880000
2021-08-03,142.39265064248633,144.57038199069586,141.7774111754852,143.9063262939453,64786600
2021-08-04,143.81842770211748,144.32622969980267,142.8516250314263,143.50592041015625,56368300
2021-08-05,143.53520021202812,144.37504483971543,142.7441867059485,143.6133270263672,46397700
2021-08-06,143.1341182329051,143.87741265764788,142.42993828378326,142.92872619628906,54126800
2021-08-09,142.9874052395685,143.47641826359128,142.3223546901742,142.87982177734375,48908700
2021-08-10,143.22212723273427,144.46422440880676,142.1071782098756,142.4005889892578,69023100
2021-08-11,142.84068876296502,143.49596433929045,142.33211110540972,142.6548614501953,48493500
2021-08-12,142.97760401540364,145.77475859452443,142.63528899224403,145.61827087402344,72282600
2021-08-13,145.69650604404524,146.15617936841764,145.01189096205107,145.8236541748047,59375000
2021-08-16,145.27599198977236,147.8677701385214,143.25148569982673,147.79930114746094,103296000
2021-08-17,146.92883920441727,148.3469738946529,145.81389018106398,146.8897247314453,92229700
2021-08-18,146.50831793002382,147.40810018292743,142.93851358506976,143.14390563964844,86326000
2021-08-19,141.8431233828503,144.74786207926644,141.32477074631083,143.47642517089844,86960300
2021-08-20,144.20015057068707,145.23685570513334,143.55464985258175,144.9336700439453,60549600
2021-08-23,145.05107287931523,146.8897670318289,144.64030363910405,146.42031860351562,60131800
2021-08-24,146.1659822444016,147.54500248159704,145.8725714606484,146.33224487304688,48606400
2021-08-25,146.51807985316438,147.0168826886461,144.5522528692755,145.09994506835938,58991300
2021-08-26,145.09014133349774,145.8432104957662,144.26858827472006,144.2979278564453,48597200
2021-08-27,144.23928688537814,145.48138422676655,143.60357588168407,145.33468627929688,55802400
2021-08-30,145.7258929660488,150.11723565003402,145.3444633733459,149.75535583496094,90956700
2021-08-31,149.3054461965621,149.44236923362013,147.96554048732443,148.49368286132812,86453100
2021-09-01,149.47169736941174,151.57444704677317,148.9924593146708,149.15872192382812,80313700
2021-09-02,150.48886382470346,151.32019193818465,149.05116433458483,150.27369689941406,71115500
2021-09-03,150.38126619393228,151.2321589268622,149.72599059173956,150.90940856933594,57808700
2021-09-07,151.56469648456283,153.8043695479327,150.99743959102315,153.2469024658203,82278300
2021-09-08,153.53051823549217,153.58919740809037,150.59644021764143,151.7016143798828,74420200
2021-09-09,152.0732585427631,152.6796298490877,150.56709024038778,150.68446350097656,57305700
2021-09-10,151.59404461667017,152.06349296335642,145.43247723787448,145.69654846191406,140893200
2021-09-13,147.32004846636258,148.09268237347644,145.48135496921765,146.26377868652344,102404300
2021-09-14,147.04621254489265,147.7503924466826,143.6818007748944,144.86520385742188,109296300
2021-09-15,145.29554507646444,146.1562127610325,143.15366567640987,145.75521850585938,83281300
2021-09-16,145.1781771600229,145.69652972947753,143.98498428450677,145.52047729492188,68034100
2021-09-17,145.54987160597395,145.54987160597395,142.5570987880531,142.8505096435547,129868800
2021-09-20,140.6401600731503,141.65730067907975,138.16575516526504,139.79905700683594,123478900
2021-09-21,140.76730289175725,141.42259357419263,139.64257873843403,140.27828979492188,75834000
2021-09-22,141.27585049264187,143.21233776359767,140.54233100418216,142.6450958251953,76404300
2021-09-23,143.42752419874412,143.84808318959392,142.43972319227385,143.60357666015625,64838200
2021-09-24,142.45928187164873,144.22950668219346,142.3614732946102,143.69158935546875,53477900
2021-09-27,142.27345249653945,142.75269063959104,140.65971546291632,142.17564392089844,74150700
2021-09-28,140.10223840010562,141.56927754565646,138.5765200764918,138.79168701171875,108972300
2021-09-29,139.33937729818666,141.2758647647725,138.90904343372455,139.69146728515625,74602000
2021-09-30,140.50321039247126,141.20739026450596,138.17550387527373,138.3906707763672,89056700
2021-10-01,138.7819070111095,139.77949787918857,136.05322057381363,139.5154266357422,94639600
2021-10-04,138.64498918431897,139.0851129145273,135.2316872864061,136.0825653076172,98322000
2021-10-05,136.42484951189164,139.11442096062234,136.2977013587978,138.00924682617188,80861100
2021-10-06,136.40530997052016,139.02641292068202,135.32947522321794,138.8797149658203,83221100
2021-10-07,139.91640035654444,141.0509141240026,139.5838750906148,140.14134216308594,61732700
2021-10-08,140.86507705840515,141.01177498221017,139.42737771114903,139.75990295410156,58773200
2021-10-11,139.1437779877816,141.62795772548145,138.69387941362646,139.67190551757812,64452200
2021-10-12,140.0826575469626,140.10222224522562,137.94077825367475,138.40045166015625,73035900
2021-10-13,138.13641006788947,138.292882900144,136.14122849083293,137.81365966796875,78762700
2021-10-14,138.98729132751163,140.7184017237602,138.40046969110713,140.6010284423828,69907100
2021-10-15,140.61082264449493,141.71598203721894,140.3565262964831,141.6573028564453,67940300
2021-10-18,140.29784030967528,143.6133481739968,140.01421930853004,143.32972717285156,85589200
2021-10-19,143.77961939322623,145.89215946553824,143.32973571996214,145.4911651611328,76378900
2021-10-20,145.43245616972183,146.45938640466994,144.8651993263839,145.9801483154297,58418800
2021-10-21,145.54006729554342,146.35183078139093,144.62072033751141,146.19534301757812,61421000
2021-10-22,146.40074040762428,146.8799636819581,145.37380993998815,145.42271423339844,58883400
2021-10-25,145.41292429505054,146.08776474244283,144.3762189390256,145.37380981445312,50720600
2021-10-26,146.04865428407604,147.5254684740955,145.73567873669694,146.03887939453125,60893400
2021-10-27,146.07798106118008,146.43984594803317,145.22710311706854,145.57919311523438,56094900
2021-10-28,146.5278661763529,149.804244404835,146.43005760449074,149.21743774414062,100077900
2021-10-29,143.98499185882136,146.6452238271108,143.19279317037723,146.50830078125,124953200
2021-11-01,145.71612242772915,146.4105126416791,144.55226891374826,145.68678283691406,74588300
2021-11-02,145.39334900645795,148.23940825327995,145.38355919540496,146.7234649658203,69122000
2021-11-03,147.0853287663622,148.63061162902127,146.52786170952203,148.16116333007812,54511500
2021-11-04,148.24919365421385,149.0805068605867,147.32984675958332,147.642822265625,60394600
2021-11-05,148.76918963737086,149.07281782729038,146.97678796158638,148.17172241210938,65463900
2021-11-08,148.29907019202702,148.45578635175377,147.07475321655346,147.3489990234375,55020900
2021-11-09,147.113867180615,148.31859042808787,146.97674433086416,147.71133422851562,56787900
2021-11-10,146.93759531163658,147.0453357776248,144.8121833419343,144.8807373046875,65187100
2021-11-11,145.89938743250096,146.35971678839883,144.64567331029048,144.83177185058594,41000000
2021-11-12,145.38028875154347,147.30981351364665,144.44981083290466,146.9082489013672,63804000
2021-11-15,147.28040751304476,148.7593917575851,146.3597188974358,146.9180145263672,59222800
2021-11-16,146.85924274203003,148.3773984758072,146.27156473370576,147.8974609375,59256200
2021-11-17,147.89747444135526,151.8152883338415,147.88768528692268,150.33631896972656,88807000
2021-11-18,150.55182695231613,155.4099086816335,149.90538395715868,154.6263427734375,137827700
2021-11-19,154.41082730572364,157.71159552855715,153.31384424629613,157.25125122070312,117305600
2021-11-22,158.35803684704905,162.29544415495414,157.69201563177705,157.71160888671875,117467900
2021-11-23,157.80951705712113,158.47555309859132,155.79184557181551,158.09356689453125,96041900
2021-11-24,157.44714936539495,158.8085891260157,156.35995538782916,158.61270141601562,69463600
2021-11-26,156.29140553118123,157.15331446693773,153.14735315261942,153.58810424804688,76959800
2021-11-29,156.09548196515397,157.8780943084946,155.52739720558188,156.94761657714844,88748200
2021-11-30,156.7028049563401,162.11918279475438,156.6342360226823,161.90370178222656,174048100
2021-12-01,164.03889354865572,166.80096002265125,161.14950826261352,161.38458251953125,152052500
2021-12-02,155.47844855141722,160.82625610567675,154.55775990226203,160.39529418945312,136739200
2021-12-03,160.64997170977935,161.57066041655554,156.43831855392804,158.51475524902344,118023100
2021-12-06,160.91438234430973,164.43063118657795,160.90459319122638,161.92323303222656,107497000
2021-12-07,165.60599842826275,168.05463216133037,164.881197462976,167.662841796875,120405400
2021-12-08,168.593312102322,172.34462027485748,167.19268602213367,171.48269653320312,116998900
2021-12-09,171.3161880617465,173.11837862863902,170.3465238704593,170.97337341308594,108923700
2021-12-10,171.61005099944745,175.93923359247646,171.1007310045987,175.76292419433594,115402700
2021-12-13,177.3986153833375,178.38787299583686,171.92347383588933,172.12916564941406,153237000
2021-12-14,171.64920321778123,174.08804749115933,168.67167154672788,170.74810791015625,139380400
2021-12-15,171.5121000863054,175.81190028087914,168.76962734356553,175.6160125732422,131063300
2021-12-16,175.59637757632484,177.4181612202971,167.24164254412014,168.72061157226562,150185800
2021-12-17,166.43851201579665,169.90578548213614,166.20345276063674,167.6236572265625,195432700
2021-12-20,164.82242453025603,167.07517044282818,164.01928047689202,166.26222229003906,107499100
2021-12-21,168.03501238197,169.6413152594918,165.64514384449987,169.43563842773438,91185900
2021-12-22,169.48461926274177,172.24668517933623,168.6129062856775,172.0312042236328,92135300
2021-12-23,172.23690795484498,173.2163614776015,171.66882311821325,172.65806579589844,68356600
2021-12-27,173.4513977796986,176.71297937182496,173.4318194724349,176.6248321533203,74919600
2021-12-28,176.4583204970068,177.60427913199814,174.86180674158715,175.60618591308594,79144300
2021-12-29,175.6453907930184,176.9186832802021,174.4798387842566,175.69436645507812,62348900
2021-12-30,175.7824840883525,176.85988869120052,174.43083375846518,174.53857421875,59773000
2021-12-31,174.43085959378186,175.5474359178977,173.61791144491113,173.9215545654297,64062300
2022-01-03,174.17621628400974,179.12245940789794,174.05868664745196,178.27032470703125,104487900
2022-01-04,178.8776038701533,179.1812320747434,175.43971239750775,176.00779724121094,99310400
2022-01-05,175.91965899179817,176.46815060812955,171.0517734789437,171.32601928710938,94537600
2022-01-06,169.15157192201912,171.69815632959336,168.1133538766339,168.46595764160156,96904000
2022-01-07,169.33768439473522,170.56200104833394,167.51590061636946,168.63247680664062,86709100
2022-01-10,165.6059836604726,168.95571251516662,164.71467747425172,168.65208435058594,106765600
2022-01-11,168.77941063247667,171.58063290230876,167.3102305884416,171.48269653320312,76138300
2022-01-12,172.50130523928578,173.53952331490072,171.22802794369514,171.92343139648438,74805200
2022-01-13,172.16831849084767,172.9910557649256,168.26029402106818,168.65208435058594,84505800
2022-01-14,167.81954242119846,170.20941111487983,167.57467907053888,169.51400756835938,80440800
2022-01-18,167.9860600754121,168.99489595879072,165.9292167455851,166.3112030029297,90956700
2022-01-19,166.5070728064469,167.56488423888524,162.53049451772475,162.8145294189453,94815000
2022-01-20,163.54913404663756,166.19365539118294,160.80666137829382,161.1298828125,91420500
2022-01-21,161.04173994454513,162.91249968467412,158.965303342259,159.0730438232422,122848900
2022-01-24,156.7321237742352,158.9652761385697,151.521424960607,158.2992401123047,162294600
2022-01-25,155.71350456711474,159.41583739515477,153.79378418345803,156.4970703125,115798400
2022-01-26,160.14063545703362,161.01234841002858,154.57734716045317,156.40892028808594,108275300
2022-01-27,159.112223875077,160.4736636918006,155.02790442490624,155.94859313964844,121954600
2022-01-28,162.30522203050273,166.8498849998228,159.45500918063075,166.83029174804688,179935700
2022-01-31,166.66380312140188,171.4043542462614,166.02714940989443,171.18887329101562,115541600
2022-02-01,170.43467612383174,171.2476242171807,168.769608378118,171.02235412597656,86213900
2022-02-02,171.15945035730246,172.2662372794384,169.76862857701605,172.22705078125,84914300
2022-02-03,170.89499578620112,172.61884304001376,168.5834855601735,169.3474578857422,89418100
2022-02-04,168.3668209831939,170.7401317063237,167.38611951437943,169.06312561035156,82465400
2022-02-07,169.52405248698778,170.59301347126842,167.65090913443373,168.3472137451172,77251200
2022-02-08,168.4158439042664,171.96599307785382,168.12163049721661,171.45602416992188,74829200
2022-02-09,172.65247937368048,173.2408912177467,171.524663818335,172.87803649902344,71285000
2022-02-10,170.77931477893978,172.09345086021537,168.23930213729957,168.7982940673828,90865900
2022-02-11,169.00428892552117,169.73981504022757,164.79707116938303,165.385498046875,98670700
2022-02-14,164.13996586391173,166.30732224292808,163.34560023389338,165.62083435058594,86185500
2022-02-15,167.67052968517936,169.61231438448638,166.96442343737377,169.4553985595703,62527400
2022-02-16,168.53355893920678,169.99479459859117,166.76829324447385,169.2200469970703,61177400
2022-02-17,167.72933608370406,168.5923579851135,165.2187432406735,165.62083435058594,69589300
2022-02-18,166.5426908818598,167.24878200376986,162.98274061084325,164.07131958007812,82772700
2022-02-22,161.79608567118115,163.47309136847835,159.0206993785114,161.14883422851562,91162800
2022-02-23,162.34528786351217,162.94351625967545,156.6670338772365,156.98086547851562,90009200
2022-02-24,149.6353916256984,159.70719718910948,149.06658313119078,159.5993194580078,141147500
2022-02-25,160.6781069290293,161.9334034703252,157.76542269815738,161.6686248779297,91974200
2022-02-28,159.91318321993836,162.22763934438854,159.29533649012686,161.9334259033203,95056600
2022-03-01,161.5215128724912,163.38485445669167,158.84420231864755,160.0504608154297,83474400
2022-03-02,161.21753665610572,164.13022162748567,159.80532394703437,163.3456573486328,79724800
2022-03-03,165.21874895199736,165.65025991761865,162.35510295615475,163.02197265625,76678400
2022-03-04,161.3155594882437,162.35510045432284,158.9716840195684,160.02102661132812,83737200
2022-03-07,160.2073838791356,161.83535182075346,155.97074658012755,156.22573852539062,96418800
2022-03-08,155.754968485403,159.73661287922712,152.79324673379338,154.40159606933594,131148300
2022-03-09,158.36363528455044,160.25639649791017,156.33359145766846,159.80526733398438,91454900
2022-03-10,157.1083251850628,157.29466080253508,152.96976503092125,155.46075439453125,105342000
2022-03-11,155.86286998599314,156.20612146979485,151.51836986465503,151.74392700195312,96970100
2022-03-14,148.52717951449867,151.14564967186587,147.20324199995284,147.71319580078125,108732100
2022-03-15,147.9878136848799,152.56770172333492,147.47785980558257,152.09695434570312,92964300
2022-03-16,154.01915688013034,156.9122229988077,151.4791438617729,156.5101318359375,102300200
2022-03-17,155.54905912498893,157.8929350151505,154.5879758844706,157.520263671875,75615400
2022-03-18,157.41237930909367,161.30576513800085,156.6768532451588,160.81541442871094,123511700
2022-03-21,160.35447849802293,163.13968181166422,159.8641278042269,162.1884002685547,95811400
2022-03-22,162.31589258829527,166.1504388725233,161.72748069331104,165.56202697753906,81532000
2022-03-23,164.74802792669965,169.30828329467843,164.41457808924804,166.92518615722656,98062700
2022-03-24,167.75878767591715,170.77934993823305,166.92520042184205,170.71070861816406,90131400
2022-03-25,170.52438934290058,171.89736551944648,169.41619180905553,171.34817504882812,80546200
2022-03-28,168.84732298325162,172.33861684390223,168.68060557578377,172.2111358642578,90371900
2022-03-29,173.28012092274494,175.55534023387025,172.93686947046768,175.50631713867188,100589400
2022-03-30,175.10425566456775,176.14379685936692,173.28995190542918,174.3393096923828,92633200
2022-03-31,174.40791055107027,174.59424618696573,171.0342957824536,171.24024963378906,103049300
2022-04-01,170.67146498333403,171.5050671665747,168.62180263029362,170.94606018066406,78751300
2022-04-04,171.2010287452735,175.04537594723365,171.07353279095375,174.996337890625,76468400
2022-04-05,174.07449332905188,174.85905741860927,171.0539313110609,171.68157958984375,73401800
2022-04-06,169.03368653783352,170.27918145157616,166.846726701127,168.513916015625,89058800
2022-04-07,167.8568338106809,170.01437362269277,166.5721175347958,168.8179168701172,77594700
2022-04-08,168.46488285345913,168.46488285345913,165.9346714824091,166.8074951171875,76575500
2022-04-11,165.4541214198734,165.76793805160875,162.306063690876,162.55123901367188,72246700
2022-04-12,164.77744578641645,166.59173431379904,163.42407312851623,164.4243927001953,79265200
2022-04-13,164.1595904381064,167.73914420674996,163.55156041909547,167.1114959716797,70618900
2022-04-14,167.32725269207126,167.96471752203973,161.85493758758528,162.10011291503906,75329400
2022-04-18,160.75653828349098,163.3848252707186,160.41330184341265,161.8843536376953,69023900
2022-04-19,161.8353139115337,164.58128022532864,160.74673499644868,164.16937255859375,67723800
2022-04-20,165.5031266456754,165.62082096364503,162.89447286562967,164.00265502929688,67929800
2022-04-21,165.65024919174274,168.21968163880754,162.70814548680565,163.2082977294922,87227800
2022-04-22,163.24755201100473,164.63032953066207,158.38326676927218,158.66766357421875,84882400
2022-04-25,158.01055923950068,160.02099952293872,155.40190564021572,159.73660278320312,96046400
2022-04-26,159.1187908139756,159.207050342252,153.69551365548884,153.7739715576172,95623200
2022-04-27,152.9011344667558,156.70624511583344,152.38136400484169,153.54840087890625,88063200
2022-04-28,156.17668589618484,161.3449860653006,155.862854289535,160.48196411132812,130216800
2022-04-29,158.71668452045293,162.99254251007733,154.2152694364459,154.6075439453125,131747600
2022-05-02,153.6857290366365,155.17638444909122,150.31211369335705,154.91160583496094,123055300
2022-05-03,155.09791756360522,157.60852567132414,153.30324720330452,156.40225219726562,88966500
2022-05-04,156.5885365424718,163.26710837053486,156.1864455162113,162.8159942626953,108256500
2022-05-05,160.68790391798768,160.91346101284063,151.95965391653039,153.74453735351562,130525300
2022-05-06,153.22401904266582,156.59277501720737,151.4266967858706,154.47134399414062,116124600
2022-05-09,152.163286830581,153.047223819661,148.78473018495143,149.34454345703125,131577900
2022-05-10,152.74275136095326,153.94096598283207,150.1989918029188,151.7507781982422,115366700
2022-05-11,150.7588143723003,152.67398849573087,143.20613912417974,143.88381958007812,142689800
2022-05-12,140.22044713133192,143.58918770892123,136.32134136947613,140.01419067382812,182602000
2022-05-13,142.0079231185743,145.45525149236786,140.55435700186288,144.48292541503906,113990900
2022-05-16,142.95079475797485,144.88561601712348,141.60524980458257,142.9409637451172,86643800
2022-05-17,146.2017017887358,147.09545486873625,144.06062380512492,146.57492065429688,78336300
2022-05-18,144.22759932213285,144.72848648816108,137.40169851030006,138.30528259277344,109742900
2022-05-19,137.38205052865445,139.13026237954173,134.160625433561,134.89723205566406,136095600
2022-05-20,136.60616321771064,138.18741285426975,130.24188557508393,135.13294982910156,137426100
2022-05-23,135.32939289148615,140.7017129465154,135.19189355677787,140.5543975830078,117726300
2022-05-24,138.29541550178678,139.43470384222053,134.87756546678344,137.85345458984375,104132700
2022-05-25,135.95794665102005,139.25794526331134,135.86955744381711,138.01063537597656,92482700
2022-05-26,134.93651437290322,141.76239957025606,134.69097882633443,141.21240234375,90601500
2022-05-27,142.79365382955837,147.00703727273068,142.66597054796807,146.96775817871094,90978500
2022-05-31,146.40795612568894,147.9695587462053,144.21776806233134,146.1820526123047,103718400
2022-06-01,147.2231190270911,149.0302721781197,145.04276200731988,146.05438232421875,74286600
2022-06-02,145.1900596961789,148.5686307144866,144.23738071765732,148.50970458984375,72348100
2022-06-03,144.27665857578705,145.32755774395642,141.88024460504298,142.7838134765625,88570300
2022-06-06,144.40436412307008,145.91687147884687,142.31239647541148,143.53025817871094,71598400
2022-06-07,141.77224146396463,146.33919698612507,141.52670589855168,146.05438232421875,67808200
2022-06-08,145.92670296402,147.1936599216941,144.8267083969664,145.31777954101562,53950200
2022-06-09,144.45347180040457,145.30793069054988,139.98472194082933,140.09275817871094,69473000
2022-06-10,137.7748783865218,138.24630234976115,134.6123799516252,134.68113708496094,91437900
2022-06-13,130.49724415866797,132.78563754326257,129.09278784637604,129.52493286132812,122207100
2022-06-14,130.7525781704987,131.49900074632365,129.13203476822937,130.38917541503906,84784300
2022-06-15,131.89187879778933,134.8874157174927,129.79992595411264,133.0115203857422,91533000
2022-06-16,129.72133518143346,130.0257968459268,126.7356146942801,127.7374038696289,108123900
2022-06-17,127.74724995941777,130.70349274398822,127.49188338256819,129.21063232421875,134520300
2022-06-21,131.03743398602646,134.61243163462674,130.93922874022462,133.4436798095703,81000500
2022-06-22,132.38292546422988,135.29988866486136,131.51865061736427,132.9329376220703,73409200
2022-06-23,134.37670851634957,136.11508949160935,133.20795685254018,135.80081176757812,72433800
2022-06-24,137.4016693916089,139.37578454056782,137.2740011133842,139.1302490234375,89116800
2022-06-27,140.15167018072825,140.9275708071873,138.45256859835,139.1302490234375,70207900
2022-06-28,139.59187553155968,140.85883237422544,134.86777395244602,134.98562622070312,67083400
2022-06-29,135.0052865296894,138.15795490582852,134.22938572393656,136.74366760253906,66242400
2022-06-30,134.79900702917675,135.89900141660408,131.38115662088498,134.27847290039062,98964500
2022-07-01,133.61058495898823,136.55701082387264,133.23738120678476,136.448974609375,71051600
2022-07-05,135.30971636921956,139.08113829870763,134.48470564577644,139.0320281982422,73353800
2022-07-06,138.82581180795694,141.54633502633234,138.56062920663072,140.36776733398438,74064300
2022-07-07,140.73115856961377,143.93295194501385,140.72134254203155,143.7365264892578,66253700
2022-07-08,142.66597262808202,144.91508669074653,142.41062104747897,144.4141845703125,64547800
2022-07-11,143.0686451840122,144.02132426836204,141.2123971200697,142.28292846679688,63141600
2022-07-12,143.15705931439427,145.79902455570198,142.45974665881124,143.25527954101562,77588800
2022-07-13,140.43652068379964,143.83472435454556,139.58204676627264,142.89187622070312,71185600
2022-07-14,141.50703095418416,146.29005802967413,140.6918512393976,145.81863403320312,78140700
2022-07-15,147.1052616395071,148.16597704358819,145.55347512166446,147.48829650878906,76259900
2022-07-18,148.0481247263253,148.86330457327466,144.08026173602485,144.44366455078125,81420900
2022-07-19,145.27848208027842,148.52937058051154,144.286523787425,148.30348205566406,82982400
2022-07-20,148.42131103969578,150.97488652317665,147.6847044563416,150.30702209472656,64823400
2022-07-21,151.74099392614767,152.7918934399678,149.22671189385298,152.57582092285156,65086600
2022-07-22,152.61507520531072,153.48918116011728,150.67043785379852,151.33828735351562,66675400
2022-07-25,151.2597268643066,152.27133221190695,149.56062491925485,150.21865844726562,53623900
2022-07-26,149.54096368293668,150.3561434947877,148.1070444852617,148.89276123046875,55138700
2022-07-27,149.85528602165928,154.52046232301393,149.44278802073802,153.99009704589844,78620700
2022-07-28,154.17665157972678,154.82486891584517,151.65255435703267,154.54005432128906,81378700
2022-07-29,158.36064587550854,160.70796561063992,156.65171270547043,159.6079559326172,101786900
2022-08-01,158.1347223194791,160.66865118760447,158.01687004208316,158.62579345703125,67829400
2022-08-02,157.24097682201486,159.50972297268584,156.77936877558471,157.15257263183594,59907000
2022-08-03,157.96775857743674,163.61507661089456,157.87936937014717,163.16329956054688,82507500
2022-08-04,163.0454397472784,164.20437546779837,161.49365309665475,162.84901428222656,55474100
2022-08-05,160.51809946404907,163.1145559751719,160.31155649978248,162.622802734375,56697000
2022-08-08,163.62597080235415,165.04222255656555,161.49176350864772,162.1507110595703,60276900
2022-08-09,161.31474028979756,163.08505499075815,160.55743608300256,162.19989013671875,63135500
2022-08-10,164.91438646665537,166.54701109348545,164.14725248674637,166.44866943359375,70170500
2022-08-11,167.25511117853088,168.1697800173322,165.41595884571527,165.7110137939453,57149200
2022-08-12,167.01909604715942,169.33032752565057,166.60601007376212,169.26148986816406,68039400
2022-08-15,168.6910420110852,170.53019439574174,168.52384770403629,170.33349609375,54091700
2022-08-16,169.93020986156355,170.84487848415293,168.82868765614492,170.17608642578125,56377100
2022-08-17,169.92042587693876,173.24466771389544,169.72372757411412,171.6710662841797,79542000
2022-08-18,170.88425233332873,172.01527879196829,170.26463844345383,171.27764892578125,62290100
2022-08-19,170.1761140668042,170.87441022573427,168.48448182965225,168.69102478027344,70346300
2022-08-22,166.89122718275175,167.05842149370653,164.38328250419255,164.8061981201172,69026800
2022-08-23,164.32423603782541,165.92735612503327,163.90132052092278,164.4717559814453,54147100
2022-08-24,164.56033297806545,165.33729659583858,163.50797370329437,164.76686096191406,53841500
2022-08-25,165.99624842184198,167.33381804385021,165.57334777280303,167.2256317138672,51218200
2022-08-26,167.75669182805456,168.228770692368,160.86230244265508,160.9213104248047,78961000
2022-08-29,158.4920749241394,160.2132113909233,157.18402441564837,158.71829223632812,73314000
2022-08-30,159.45590875707995,159.87880933569366,155.118641623387,156.2890167236328,77906200
2022-08-31,157.665923552681,157.93147450788678,154.54820976951913,154.62689208984375,87991100
2022-09-01,154.05645479166745,155.8070951296429,152.11894582091065,155.3546905517578,74229900
2022-09-02,157.11517641377614,157.71511602884905,152.41401615420267,153.2401580810547,76957800
2022-09-06,153.88926726791752,154.49903651153815,151.15512032719968,151.98126220703125,73714800
2022-09-07,152.26646809885722,154.0859459351541,151.07641875135508,153.38766479492188,87449600
2022-09-08,152.08943851032333,153.78107082360773,150.1617592438652,151.91241455078125,84923800
2022-09-09,152.9057577037595,155.21700399593914,152.19763181879884,154.7744140625,68028800
2022-09-12,156.95780504262976,161.5507787814024,156.672594749297,160.73446655273438,104956000
2022-09-13,157.26269006575274,157.89213365235918,150.84039354694787,151.30264282226562,122656600
2022-09-14,152.2369398106262,154.50885206267736,151.07640953249754,152.7483673095703,87965400
2022-09-15,152.09928154477043,152.6795618131171,148.88322594006283,149.8568878173828,90481100
2022-09-16,148.71601438946803,148.85370468985187,145.92284471335466,148.21441650390625,162278800
2022-09-19,146.8473562182448,152.01076545240036,146.64082825286496,151.9320831298828,81474200
2022-09-20,150.86986170957442,155.47267903670416,150.55514749457834,154.3121337890625,107689800
2022-09-21,154.74490471552286,156.121822780707,151.06660011449515,151.1846160888672,101696800
2022-09-22,149.86673172221157,151.92225679396847,148.42097590441998,150.22079467773438,86652500
2022-09-23,148.69635763891162,148.97173827223702,146.10973061112034,147.94888305664062,96029900
2022-09-26,147.19158660210013,151.2337989231627,147.1719122700789,148.2832794189453,93339400
2022-09-27,150.22078993520137,152.16812862553914,147.47679836474876,149.25694274902344,84442700
2022-09-28,145.20489532446575,148.1554147485666,142.45107419388137,147.3686065673828,146691400
2022-09-29,143.69032433945154,144.30009364647282,138.35970520995244,140.13002014160156,128138200
2022-09-30,138.9498106360333,140.7397998435746,135.72391020279727,135.9206085205078,124925300
2022-10-03,135.93043653465315,140.71027860420344,135.41900896557823,140.10049438476562,114311700
2022-10-04,142.63796359142103,143.80833886784444,141.8806592936553,143.69032287597656,87830100
2022-10-05,141.6937945288243,144.94919877755754,140.65126498965273,143.9853515625,79471000
2022-10-06,143.40507882099124,145.1065408456924,142.8248135939426,143.03134155273438,68402200
2022-10-07,140.18899129011245,140.73976746295003,137.14996021039673,137.77940368652344,85925600
2022-10-10,138.10398864746094,139.54974448383035,136.28451052504542,138.10398864746094,74899000
2022-10-11,137.5925530590874,139.0186494867963,135.9402693459634,136.68772888183594,77033700
2022-10-12,136.8352517842159,138.04496046792565,135.88124936484056,136.0582733154297,70433700
2022-10-13,132.76355465182596,141.22170198168052,132.1537703856876,140.63160705566406,113224000
2022-10-14,141.92982762072035,142.1363705990491,135.9107723458466,136.09764099121094,88598000
2022-10-17,138.7432621845146,140.5430657827838,137.95645402263972,140.0611572265625,85250900
2022-10-18,143.0903964309265,144.28043114429582,138.2908788908759,141.37908935546875,99136600
2022-10-19,139.35302135031444,142.5592467457927,139.1661527370201,141.4872283935547,61758300
2022-10-20,140.66107086147935,143.4837290525793,140.29716333693773,141.02496337890625,64522000
2022-10-21,140.51359551029486,145.4114696146214,140.2972228386762,144.84103393554688,86548600
2022-10-24,144.7622969983835,147.75214959476102,143.59192208164805,146.98501586914062,75981900
2022-10-25,147.61447265041116,149.97489702549265,146.89651717711538,149.82736206054688,74732300
2022-10-26,148.4701495749658,149.48316008121265,145.598297355203,146.88670349121094,88194300
2022-10-27,145.62781359762897,146.5916457586151,141.75279561471663,142.4117431640625,109180200
2022-10-28,145.75566287950778,154.90227649289278,145.3819406077306,153.1713104248047,164762400
2022-10-31,150.6338586024099,151.69604741946125,149.41430514421359,150.81088256835938,97943200
2022-11-01,152.52217870801033,152.8860712842191,146.6703184608035,148.1652374267578,80379300
2022-11-02,146.49328294195223,149.66017491618842,142.60843546015093,142.637939453125,93604600
2022-11-03,139.71691380956625,140.44471393264007,136.4615100959827,136.58937072753906,97918500
2022-11-04,139.97826383175124,140.54964571240953,132.38285778027205,136.3234100341797,140814800
2022-11-07,135.07224959765693,137.08192417351185,133.65364870551915,136.8553466796875,83374600
2022-11-08,138.32322168629616,139.3280515614897,135.44662070693448,137.42674255371094,89908500
2022-11-09,136.44161049413725,136.49087039963513,132.58971737719733,132.8655548095703,74917800
2022-11-10,139.14089348616804,144.6872100830078,137.42674799216064,144.6872100830078,118854000
2022-11-11,143.65280366627442,147.78051849192542,142.22434180625527,147.47512817382812,93979700
2022-11-14,146.75602639191197,148.04655491917902,145.23890527483894,146.07627868652344,73374100
2022-11-15,149.9576976256643,151.3073317859871,146.35208917690562,147.81008911132812,89868300
2022-11-16,146.91361736230309,147.642609775535,145.100952232511,146.5786590576172,64218300
2022-11-17,144.2537602517047,149.22871050736455,143.97792279490108,148.48001098632812,80389400
2022-11-18,150.0463641188946,150.4305673318375,147.74114484123723,149.04151916503906,74829600
2022-11-21,147.928327968664,148.1351985339266,145.52458880647748,145.81027221679688,58724100
2022-11-22,145.92847743972578,148.18443654711209,144.74629997055138,147.947998046875,51804100
2022-11-23,147.22887996484198,149.5735133563615,147.1205141770319,148.82481384277344,58301400
2022-11-25,146.10580754336945,146.66734339247978,144.9334909730617,145.90878295898438,35195900
2022-11-28,142.9829242489195,144.46063120272478,141.24908683464577,142.07659912109375,69246000
2022-11-29,142.14557128350813,142.65784730969276,138.2641397568449,139.0719451904297,83763800
2022-11-30,139.2984872397453,146.50970358247017,138.46112907886217,145.8299560546875,111380900
2022-12-01,146.00726917225987,146.91359407750403,144.43104279582988,146.10577392578125,71250400
2022-12-02,143.79075438457457,145.80042936443078,143.48534896644694,145.61325073242188,65447400
2022-12-05,145.57384712908555,148.6770258303521,143.60357112015112,144.45079040527344,68826400
2022-12-06,144.88426506871545,145.11084261882044,139.81079492252832,140.7860870361328,64727200
2022-12-07,140.07677467327488,141.23923029830829,137.91932004741116,138.84535217285156,69721100
2022-12-08,140.24420863853896,141.38697201949464,139.00294050323058,140.52989196777344,62128300
2022-12-09,140.2245130259643,143.40651899251785,138.8059121667718,140.0471954345703,76097000
2022-12-12,140.57920002207968,142.35245156002605,138.96357418350942,142.3426055908203,70462700
2022-12-13,147.27813419846305,147.7411502710795,142.0963136174533,143.3080291748047,93886200
2022-12-14,143.1898449500677,144.48037360107043,139.06211344176572,141.08164978027344,82291200
2022-12-15,139.01281523751095,139.69256282085553,134.00831270124763,134.47132873535156,98931900
2022-12-16,134.6585497526899,135.60427405444494,131.74253391957555,132.5109405517578,160156900
2022-12-19,133.1020090197244,133.19066784085936,129.36834224245627,130.40272521972656,79592600
2022-12-20,129.43732180077788,131.26967965655155,127.95961433747712,130.33380126953125,77432800
2022-12-21,131.0036134680718,134.77669284525507,130.7770359950843,133.43690490722656,85928000
2022-12-22,132.35333493417335,132.56020555661198,128.36352186352323,130.26483154296875,77852100
2022-12-23,128.97425178436364,130.45195863115794,127.71327647766012,129.90028381347656,63814900
2022-12-27,129.42743066905106,129.45698360544398,126.80696007412172,128.0974884033203,69007800
2022-12-28,127.7428184928662,129.0826065207181,123.99929931057838,124.1667709350586,85438400
2022-12-29,126.08779735057679,128.54078860997595,125.83166690884427,127.68372344970703,75703700
2022-12-30,126.50156359082803,128.01866936965655,125.53612512465858,127.99896240234375,77034200
2023-01-03,128.3437644584535,128.9545451464431,122.32457128587431,123.21119689941406,112117500
2023-01-04,125.00415469022626,126.74785308207225,123.22105739420844,124.4820327758789,89113600
2023-01-05,125.24058317585433,125.87107085400619,122.90581107632524,123.16194152832031,80962700
2023-01-06,124.13721717054082,128.35359826613845,123.03386012088578,127.69355773925781,87754700
2023-01-09,128.530949601707,131.4272575812406,127.95956778658704,128.2156982421875,70790800
2023-01-10,128.32404761851848,129.3091854431004,126.21585327519355,128.7870635986328,63896200
2023-01-11,129.29935853420528,131.52576493439358,128.52110615216108,131.50607299804688,69458900
2023-01-12,131.89027740511193,132.26461961526783,129.48653833184324,131.42726135253906,71379600
2023-01-13,130.06777940104425,132.91482784880117,129.70328312196565,132.7572021484375,57809700
2023-01-17,132.82614355724837,135.24957434953774,132.1365500404185,133.91964721679688,63646600
2023-01-18,134.78660397065414,136.54999458059902,133.02319832869463,133.20053100585938,69672800
2023-01-19,132.0873116107182,134.22505937639417,131.78192122019502,133.25962829589844,58280400
2023-01-20,133.26944989272516,135.96873306889344,132.22520615532028,135.82095336914062,80223600
2023-01-23,136.06726442233395,141.18999437445396,135.85053284595898,139.01283264160156,81760300
2023-01-24,138.22470516633354,141.03235437334166,138.21485919822922,140.41171264648438,66435100
2023-01-25,138.7960933961296,140.31319931491353,136.74700453490559,139.75167846679688,65799300
2023-01-26,141.0421976938989,142.10614847767724,139.79106829556534,141.82046508789062,54105100
2023-01-27,141.03233324940567,145.04183634112735,140.95352042033858,143.7611541748047,70555800
2023-01-30,142.8056023172103,143.38683009380475,140.7269606636837,140.87472534179688,64015300
2023-01-31,140.57917270592753,142.19479823056315,140.1654165994733,142.14553833007812,65874500
2023-02-01,141.83032262446247,144.43108640849707,139.21971287170524,143.26861572265625,77663600
2023-02-02,146.68704352311798,148.93315698101298,145.96789698553212,148.57852172851562,118339000
2023-02-03,145.8299972142777,155.04104480782712,145.63297259328513,152.20384216308594,154357300
2023-02-06,150.30248753748006,150.8246093903739,148.53908238509402,149.47496032714844,69858300
2023-02-07,148.4011799958932,152.9229595728958,148.4011799958932,152.35157775878906,83322600
2023-02-08,151.59301668652708,152.28261017293363,148.92328650742598,149.66213989257812,64120100
2023-02-09,151.49450140964842,152.036330247997,148.1844375441137,148.62774658203125,56007100
2023-02-10,147.46352995054943,149.3184067990407,147.22673043469464,148.99281311035156,57450700
2023-02-13,148.9336202674222,152.19940317198714,148.90402220916044,151.79489135742188,62199000
2023-02-14,150.08798919443248,151.71595766811416,148.8448255867729,151.153564453125,61707600
2023-02-15,151.06476513520522,153.4228390365263,150.83784167870803,153.25511169433594,65573800
2023-02-16,151.45941308943844,154.24175084931028,151.3015618059057,151.65675354003906,68167900
2023-02-17,150.31494264074843,150.9562540378776,148.83497936586727,150.51226806640625,59144100
2023-02-21,148.19363813923312,149.27895045459564,146.42755543146694,146.49661254882812,58867200
2023-02-22,146.88140906273446,147.94698436963745,145.19425945136115,146.92088317871094,51011300
2023-02-23,148.08511286734324,148.33177339849212,145.27319184522457,147.40432739257812,48394200
2023-02-24,145.14491019093927,145.22384336023686,143.77347836618958,144.75025939941406,55469600
2023-02-27,145.73692063205627,147.1774097603546,145.48038403430326,145.94410705566406,44998500
2023-02-28,145.08571098317904,147.08859306462728,144.8686485359811,145.44090270996094,50547000
2023-03-01,144.86865768902635,145.26330849706878,143.0729618860178,143.36895751953125,55479000
2023-03-02,142.4513915466776,144.75026945161636,141.977792498003,143.96095275878906,52238100
2023-03-03,146.06247767198354,149.09147589261863,145.36197027021535,149.01254272460938,70732300
2023-03-06,151.7356876269036,154.21216902598104,151.41010897005816,151.77516174316406,87558000
2023-03-07,151.64689058754286,151.9724842932115,149.1112281718285,149.574951171875,56182000
2023-03-08,150.76879154793838,151.41997901042942,149.80188641133856,150.82798767089844,47204800
2023-03-09,151.50875841619168,152.47566345847628,148.2232384177023,148.57843017578125,53833600
2023-03-10,148.2035375357173,148.92378215572674,145.63826168901898,146.51637268066406,68572400
2023-03-13,145.83556564568843,151.09436981836478,145.72703441304543,148.4600372314453,84457100
2023-03-14,149.25922844223368,151.35090505544113,148.0949978910982,150.55172729492188,73695900
2023-03-15,149.17042182051847,151.20290214198522,147.91738213550175,150.94638061523438,77167900
2023-03-16,150.127461556798,154.3700254849667,149.6144034630521,153.76817321777344,76161100
2023-03-17,153.99511025228628,154.64629769155513,152.21915135199143,152.92953491210938,98944600
2023-03-20,152.99859207349292,155.7118577491849,152.0908681263484,155.29745483398438,73641400
2023-03-21,155.21854884327422,157.2707512481165,154.44895412275298,157.15235900878906,73938300
2023-03-22,157.17207516380427,159.97413485829682,155.7019731494937,155.72171020507812,75701800
2023-03-23,156.70838216666218,159.3920501505052,155.57373460560854,156.80703735351562,67622100
2023-03-24,156.73798864921076,158.19821496579544,155.7414853951506,158.1094207763672,59196500
2023-03-27,157.80355536791788,158.6224701978729,155.76119879412065,156.1657257080078,52390300
2023-03-28,155.8598764210837,156.37293460313032,153.8964529365925,155.5441436767578,45992200
2023-03-29,157.241143834068,158.8987103608656,157.22142183199622,158.62245178222656,51305700
2023-03-30,159.37232351853436,160.29976965443572,159.1158019499735,160.1912384033203,49501700
2023-03-31,160.27016471086742,162.7959663866168,159.74724553838644,162.69729614257812,68749800
2023-04-03,162.07573356705876,164.06874015787406,162.0263984414518,163.95034790039062,56976200
2023-04-04,164.37457023031905,164.6113546852389,162.90446816785285,163.4175262451172,46278300
2023-04-05,162.53941454235493,162.84527116493152,159.6386845457234,161.57249450683594,51511700
2023-04-06,160.26027222926052,162.75649064193277,159.83602334429725,162.4604949951172,45390100
2023-04-10,159.26376357061562,159.86561584472656,157.94166678976978,159.86561584472656,47716900
2023-04-11,160.1813521100088,160.19121311129285,158.36591919116847,158.6520538330078,47644200
2023-04-12,159.0664756179538,159.89525155138986,157.6457082720823,157.96144104003906,50133100
2023-04-13,159.47096870837692,163.58526449148977,159.26376724154565,163.3484649658203,68445600
2023-04-14,162.39139978711486,164.09830125116352,161.63169630249857,163.0031280517578,49386500
2023-04-17,162.88477412221818,163.18076982399003,161.83893569026216,163.0229034423828,41516200
2023-04-18,163.88123939813596,165.17373798707087,163.43723846181683,164.2462921142578,49923000
2023-04-19,163.5852362939575,165.9137118693031,163.32869975496104,165.3907928466797,47720200
2023-04-20,163.8713720291843,165.62759364761484,163.34845295487423,164.42388916015625,52456400
2023-04-21,162.84528714652217,164.226580111448,162.29276996055185,162.81568908691406,58337300
2023-04-24,162.79594256316088,163.38793383083043,161.70076925644653,163.1215362548828,41949600
2023-04-25,162.98341218856248,164.08844653165775,161.54290808705858,161.58238220214844,48714100
2023-04-26,160.8818480921529,163.07219461797823,160.6253265824028,161.57249450683594,45498800
2023-04-27,162.98339664348885,166.30837541189834,162.98339664348885,166.16038513183594,64902300
2023-04-28,166.23934534853646,167.58117930762924,165.63749302008387,167.41343688964844,55275900
2023-05-01,167.01878932487827,168.17315888477142,166.38733892318547,167.32464599609375,52472900
2023-05-02,167.81796415576136,168.07450075678005,165.3020235951721,166.28866577148438,48425700
2023-05-03,167.23586119850705,168.63689138543253,164.92712194913543,165.21324157714844,65136000
2023-05-04,162.68742177323023,164.8086963510818,162.11516752574818,163.5753936767578,81235400
2023-05-05,168.69605053726107,171.9717093122383,168.478988085668,171.25146484375,113453200
2023-05-08,170.1760244116815,171.5277343198539,169.8109716539451,171.18240356445312,55962800
2023-05-09,170.73841026688106,171.22185523763014,169.30778230115573,169.4755096435547,45326900
2023-05-10,170.70882753380215,171.70533067690712,169.60377809797177,171.24160766601562,53724500
2023-05-11,171.52777792263052,172.257883623698,169.87021095229835,171.42910766601562,49514700
2023-05-12,171.5377460938216,171.97247152405595,168.94917294661113,170.50035095214844,45533100
2023-05-15,171.0832715155854,171.13267487374878,169.4135375098661,170.00634765625,37266700
2023-05-16,169.92730529834625,171.0635071571624,169.73958158279842,170.00634765625,42110300
2023-05-17,169.65065404284252,170.8560084675657,168.37611683004315,170.618896484375,57951600
2023-05-18,170.92516002115397,173.13830046836398,170.51019901401196,172.95057678222656,65496700
2023-05-19,174.2745399441767,174.2745399441767,172.84193292592303,173.05929565429688,55809500
2023-05-22,171.89343134950482,172.61468722054929,171.3697889134683,172.1107940673828,43570900
2023-05-23,171.05360389467134,171.3006055683709,169.2257854789803,169.50242614746094,50747300
2023-05-24,169.03806296692736,170.35211368921475,168.47490698639612,169.77906799316406,45143500
2023-05-25,170.3422679275043,171.814388514026,169.63090177565675,170.91531372070312,56058300
2023-05-26,171.2413696393752,173.66198362102864,171.0338815491583,173.3260498046875,54835000
2023-05-30,174.8376957969301,176.84334846181008,174.45237373510062,175.17361450195312,55964400
2023-05-31,175.20326416230037,177.19904230758075,174.64009299685546,175.1242218017578,99625300
2023-06-01,175.56883967061256,177.9598147849818,174.8080700646527,177.93017578125,68901800
2023-06-02,178.8588732872537,179.5998784017098,177.11009699591673,178.7798309326172,61996900
2023-06-05,180.43967788018574,182.7318457046313,175.90471543246178,177.42625427246094,121946500
2023-06-06,177.81159450251565,177.95978950011875,175.30204865399,177.0607147216797,64848400
2023-06-07,176.2999067027438,179.03668930821044,175.19334409365325,175.68734741210938,61944600
2023-06-08,175.76642717021195,178.6711699623807,175.33171678380066,178.4044189453125,50214900
2023-06-09,179.3232356709596,180.04447641965535,178.46367457216073,178.7897186279297,48900000
2023-06-12,179.09598823299092,181.68456110008822,178.7995831921066,181.58575439453125,54274900
2023-06-13,180.6076484418825,181.94144859403625,180.2519653861507,181.1115264892578,54929100
2023-06-14,181.17082015656314,182.17859141427,179.8370198890403,181.74386596679688,57462900
2023-06-15,181.75372726370364,184.2830221162751,181.57587821037063,183.7791290283203,65433200
2023-06-16,184.49048389995454,184.74737528632218,182.05999589951927,182.7021942138672,101256200
2023-06-20,182.19832743508823,183.8680612460024,182.19832743508823,182.79112243652344,49799100
2023-06-21,182.6824521359612,183.1863452547994,180.40015882951445,181.7537384033203,49515700
2023-06-22,181.53636658960147,184.8066665365007,181.46719888037438,184.75726318359375,51245300
2023-06-23,183.32464848206732,185.31053654650353,182.7911164149862,184.4410858154297,53117000
2023-06-26,184.58932295318664,185.79469252512132,183.00850595123646,183.04803466796875,48088700
2023-06-27,183.66056221310203,186.1305789275048,183.44319953617173,185.80453491210938,50730800
2023-06-28,185.67609428855022,187.62246871870772,185.35006534003824,186.9802703857422,51216800
2023-06-29,186.81232983886036,187.79046201011187,186.67400948819943,187.3162078857422,46347300
2023-06-30,189.33175958026345,192.14757008838143,188.96618679019105,191.64369201660156,85213200
2023-07-03,191.45597092726317,191.5547776450248,189.46019281962833,190.1518096923828,31458200
2023-07-05,189.2724969662243,190.6655752957469,188.33387831143204,189.03536987304688,46920300
2023-07-06,187.56322301313529,189.71708585705593,186.93089921117289,189.5095977783203,45094300
2023-07-07,189.11438325252212,190.35926638037827,187.95841711755844,188.39312744140625,46815000
2023-07-10,186.9901904322695,187.71144636227646,184.7968137913114,186.34799194335938,59922200
2023-07-11,186.8913900886379,187.02971045254367,184.36209481962464,185.8243408203125,46638100
2023-07-12,187.4051170053163,189.4008949030878,186.2096372553674,187.49404907226562,60750200
2023-07-13,188.2153081360164,188.897035286273,187.5039419858172,188.25482177734375,41342300
2023-07-14,187.94851016296312,188.88711351202284,187.35571518892922,188.4029998779297,41616200
2023-07-17,189.598506397075,191.9894962144421,189.5095893997432,191.6634521484375,50520200
2023-07-18,191.0311380681889,191.9993805984401,190.1122838217696,191.4065704345703,48288200
2023-07-19,190.784103142532,195.85256735078863,190.33948805911442,192.76011657714844,80507300
2023-07-20,192.7502668636511,194.11372124075075,190.19133255294633,190.81378173828125,59581200
2023-07-21,191.77214478083425,192.63170595716375,188.93655473427472,189.63804626464844,71951700
2023-07-24,191.09039681521514,192.57240699977407,189.94430532096735,190.4383087158203,45377800
2023-07-25,191.01135149007996,192.1080396126164,190.6062650944163,191.29786682128906,37283200
2023-07-26,191.34728040522955,193.29365506077994,191.00148706119938,192.16732788085938,47471900
2023-07-27,193.66910156142774,194.83494237556206,190.24071668140024,190.90267944335938,47460200
2023-07-28,192.33526237023054,194.27176213447206,191.81162002559202,193.48135375976562,48291400
2023-07-31,193.70859582748605,194.1334465580661,192.91818743340556,194.0939178466797,38824100
2023-08-01,193.88645666636083,194.37057034188453,192.93796352063418,193.26400756835938,35175100
2023-08-02,192.70084355962268,192.83916391140565,189.54911446715442,190.27035522460938,50389300
2023-08-03,189.27245477585868,190.06284809201935,188.40300403713854,188.8772430419922,61235200
2023-08-04,183.29500493096032,185.13269797319032,179.7381748247779,179.80734252929688,115956800
2023-08-07,179.94567809387448,180.9336848652445,175.2230069327887,176.70501708984375,97576100
2023-08-08,177.5349191282476,178.1079648000796,175.45022447284256,177.6436004638672,67823000
2023-08-09,178.70079919463467,178.76007719518685,174.88709204262926,176.05294799804688,60378500
2023-08-10,177.32747151707323,178.58224448237493,175.4700288246158,175.83558654785156,54686900
2023-08-11,175.4299516016464,176.71608281179377,174.6681548123879,175.89492797851562,52036700
2023-08-14,176.0730260741773,177.77469387045335,175.42005736478495,177.54714965820312,43675600
2023-08-15,176.9733287591711,177.56692432110017,175.1628328578025,175.55856323242188,43622600
2023-08-16,175.24197103328896,176.6369303294026,174.61868139075943,174.6879425048828,46964900
2023-08-17,175.25188574378228,175.61793712814787,171.6308936142582,172.14535522460938,66062900
2023-08-18,170.46348268413263,173.23364091556027,170.12711031715548,172.63014221191406,61172200
2023-08-21,173.20394701107267,174.25264612165492,171.88812158676677,173.96572875976562,46311900
2023-08-22,175.17269520823896,175.7860817280131,174.37133150436787,175.34088134765625,42038900
2023-08-23,176.61716031274474,179.61486234805133,176.42918310654636,179.18943786621094,52722800
2023-08-24,178.74423570753817,179.16966018527063,174.13390304899033,174.49996948242188,54945800
2023-08-25,175.4893068451812,177.2404295003986,173.9459373407173,176.70619201660156,51449600
2023-08-28,178.17042326142217,178.66509377862053,176.6468447107556,178.2693634033203,43820700
2023-08-29,177.78457014737916,182.9291401969668,177.58670497165372,182.15745544433594,53003900
2023-08-30,182.9687355268348,185.84772159478027,182.77087033679462,185.64984130859375,60813900
2023-08-31,185.8377983965077,187.10415359099386,185.48163505454943,185.8674774169922,60794500
2023-09-01,187.47023078000296,187.89564016216337,186.27312153245367,187.4405517578125,45766500
2023-09-05,186.27313129788112,187.9550080601447,185.6102746073009,187.67799377441406,45280000
2023-09-06,186.3918455631262,186.8370611072444,179.53571941437733,180.9603729248047,81755800
2023-09-07,173.312752460059,176.31046963604499,171.69023379276553,175.66738891601562,112488800
2023-09-08,176.4489782367689,178.3188321743013,175.89493458078306,176.28077697753906,65551300
2023-09-11,178.1506198206809,178.37816399656032,175.44970834431305,177.44818115234375,58953100
2023-09-12,177.57683789873767,178.21001559327632,172.95661681425068,174.42083740234375,90370200
2023-09-13,174.6285604188278,175.41014819975618,172.12552909799857,172.35308837890625,84267900
2023-09-14,172.14534712441645,174.2229694212733,171.72982568427443,173.86680603027344,60895800
2023-09-15,174.5989096220804,174.61870067060727,171.96727382158934,173.1445770263672,109259500
2023-09-18,174.59890495957814,177.46800307348116,174.2922116482627,176.07302856445312,67257600
2023-09-19,175.6278039585389,177.71531389898738,175.2419616044344,177.16128540039062,51826900
2023-09-20,177.3492658362857,177.78457830053213,173.5304088946865,173.6194610595703,58436200
2023-09-21,172.68948203416045,174.42082885900223,172.006834299268,172.07608032226562,63149100
2023-09-22,172.80817906033587,175.19249433338604,172.19479251227028,172.92689514160156,56725400
2023-09-25,172.3432048049037,175.08368369125543,172.29373473406022,174.2031707763672,46172700
2023-09-26,172.9565908960506,173.33253018900052,169.83026989319274,170.1270751953125,64588900
2023-09-27,170.78004737841366,171.19556880826096,167.24810767663843,168.61338806152344,66921800
2023-09-28,167.53500431517824,170.19633406818943,165.83333655703308,168.87062072753906,56294400
2023-09-29,170.18643455541363,171.22524557281096,168.52433390834895,169.38507080078125,51861100
2023-10-02,169.3949936006915,172.44216616664136,169.10807621217995,171.8980255126953,52164500
2023-10-03,170.42387079713225,171.77927819729268,168.99923247491208,170.5623779296875,49594600
2023-10-04,169.26634637027362,172.3531005247124,169.14763028223018,171.8089599609375,53020300
2023-10-05,171.93756684563112,173.57987653919332,170.83939772477277,173.04563903808594,48527900
2023-10-06,171.94747372177912,176.092815045354,171.33407201891083,175.59814453125,57266700
2023-10-09,174.9253820623563,177.1415113656987,173.92615307401468,177.0821533203125,42390800
2023-10-10,176.20165363527434,177.80438136546655,176.0532434145344,176.48855590820312,43698000
2023-10-11,176.30057789253502,177.9329997364432,175.7069823006886,177.88352966308594,47551100
2023-10-12,178.1506358590928,180.39642899359671,177.13160077070958,178.7838134765625,56743100
2023-10-13,179.48624788964275,179.9908063804386,176.24121051823693,176.9436492919922,51427100
2023-10-16,174.86601479996662,177.17118104988546,174.6285675347915,176.8150177001953,52517000
2023-10-17,174.7670787756051,176.51821654411026,172.93680701299223,175.26174926757812,57549400
2023-10-18,173.7085055181981,175.68718764266174,173.24351401125745,173.96572875976562,54764400
2023-10-19,174.16358722416024,175.9444040866048,173.32265641144056,173.58978271484375,59302900
2023-10-20,173.44136860989997,173.55019672394363,170.7998299466356,171.0372772216797,64244000
2023-10-23,169.08827156264798,172.15521956196545,168.11870652701532,171.15599060058594,55980100
2023-10-24,171.20545097606092,171.81883752196748,169.6224994494151,171.59129333496094,43816600
2023-10-25,170.04794519039626,171.21536038795298,168.83104482476435,169.27626037597656,57157000
2023-10-26,168.55403244057868,169.55327657792432,163.90413245355498,165.1111297607422,70625300
2023-10-27,165.13090664912622,167.1590586780216,165.05175755916278,166.42694091796875,58499100
2023-10-30,167.218431744534,169.3455090048735,167.07002152646473,168.47488403320312,51131000
2023-10-31,167.54490564738762,169.07837213199355,166.1103491096919,168.94976806640625,44846000
2023-11-01,169.1773025316942,172.37286957481675,168.30667766450742,172.1156463623047,56934900
2023-11-02,173.64913976332178,175.88504503012373,173.58978171760563,175.6772918701172,77334800
2023-11-03,172.38277434389337,174.9352758328065,171.50226149314057,174.76707458496094,79829200
2023-11-06,174.49996733550321,177.51744525540883,174.3317811800047,177.319580078125,63841300
2023-11-07,177.27012882075113,180.4953904276926,177.06237564620827,179.8820037841797,70530000
2023-11-08,180.40634475587757,181.4946108426327,179.65443590363796,180.94058227539062,49340300
2023-11-09,181.00982351508927,182.15744752284814,179.87207238589124,180.46568298339844,53763500
2023-11-10,182.24886906112522,184.82455079604722,181.81298306450438,184.6561279296875,66133400
2023-11-13,184.08156757584422,184.28959445510736,182.4866293320066,183.07110595703125,43627500
2023-11-14,185.94397876686426,186.35014665967793,184.55708244510558,185.68641662597656,60108400
2023-11-15,186.09257648247507,187.72713387081996,186.02322411136396,186.25106811523438,53790500
2023-11-16,187.79646053927942,189.1734556093977,186.88505441646575,187.93515014648438,54412900
2023-11-17,188.47010270019993,188.5988913131576,186.80582731444395,187.91534423828125,50922700
2023-11-20,188.11348674243894,190.11459289941732,188.10358573904105,189.6588897705078,46505100
2023-11-21,189.61926104331656,189.72823253932046,187.9648865974642,188.85646057128906,38134500
2023-11-22,189.69849596618437,191.12501116236683,189.04466705374648,189.52017211914062,39617700
2023-11-24,189.08429242242372,189.11401054524026,187.47945332619432,188.19271850585938,24048300
2023-11-27,188.14319291304204,188.886176253634,187.13273133734725,188.014404296875,40552600
2023-11-28,188.0044881862593,189.29232889633607,187.62803848681267,188.61868286132812,38415400
2023-11-29,189.11401237919708,190.29288164913223,187.2020759179661,187.59832763671875,43014200
2023-11-30,188.06394110215783,188.53946132762457,186.42938378571617,188.17291259765625,48794400
2023-12-01,188.54933098414946,189.7678192377602,187.45961621033018,189.45082092285156,45704800
2023-12-04,188.20263336404662,188.2719857330804,185.69630404843608,187.65777587890625,43389500
2023-12-05,188.43046796633192,192.58125508438908,188.40073472916,191.6104278564453,66628400
2023-12-06,192.6308143978356,192.93791176533594,190.3127099631217,190.520751953125,41089700
2023-12-07,191.81848755335412,193.17566559760107,191.7788533108163,192.45249938964844,47477700
2023-12-08,192.38313041357762,194.15639227120218,191.8580901155405,193.87901306152344,53406400
2023-12-11,191.30334341541183,191.6797931299085,189.62915193698308,191.3726806640625,60943700
2023-12-12,191.27361158280868,192.89826770087802,189.92633467152928,192.88836669921875,52696900
2023-12-13,193.26481149731427,196.1475903161728,193.02706651664724,196.10797119140625,70404200
2023-12-14,196.16740691178524,197.75242887078264,194.32480773637585,196.25656127929688,66831600
2023-12-15,195.6819844119138,196.54384019084355,195.15694409646994,195.72161865234375,128538400
2023-12-18,194.2554683979516,194.7904248709577,192.57137584033416,194.05734252929688,55751900
2023-12-19,194.32481746504553,195.1074199235508,194.0573392330858,195.09751892089844,40714100
2023-12-20,195.05790478940895,195.83060632493024,193.0072784423828,193.0072784423828,52242800
2023-12-21,194.26537091395173,195.23619818360498,191.6896894536902,192.858642578125,46482500
2023-12-22,193.35399290351117,193.5818520298925,191.16467694820312,191.78878784179688,37149600
2023-12-26,191.7986702097743,192.0760494430794,191.02596875756228,191.24391174316406,28919300
2023-12-27,190.68914273833013,191.68968812345565,189.30223153241622,191.34295654296875,48087700
2023-12-28,192.32370988068791,192.8388492190412,191.36278357008254,191.76895141601562,34049900
2023-12-29,192.08592235100764,192.58124449746825,189.93622604929251,190.72874450683594,42672100
2024-01-02,185.39909638597572,186.67703614744315,182.16960103197144,183.90322875976562,82488700
2024-01-03,182.4964964795135,184.14096966630487,181.7138790075681,182.52621459960938,58414500
2024-01-04,180.44587486910356,181.37708304150152,179.18776734055538,180.2081298828125,71983600
2024-01-05,180.2874048658164,181.05019027633338,178.4844245514249,179.48497009277344,62379700
2024-01-08,180.38643729162627,183.86360885082058,179.80196071659407,183.823974609375,59144500
2024-01-09,182.19931060924736,183.41779895114087,181.0204413910758,183.40789794921875,42841800
2024-01-10,182.62527725276104,184.65608591378964,182.19929235625014,184.44805908203125,46792900
2024-01-11,184.79480792904317,185.3000462697353,181.90212796654464,183.85369873046875,49128400
2024-01-12,184.3192926371913,184.99293868218925,183.45743685571247,184.18060302734375,40477800
2024-01-16,180.4557997638508,182.53614407524432,179.2372961857114,181.91204833984375,65603000
2024-01-17,179.57411959355028,181.2185778549055,178.613193289656,180.97091674804688,47317400
2024-01-18,184.34900450558874,187.37047281337263,184.09144241490495,186.86524963378906,78005800
2024-01-19,187.5587047602819,190.15418823308323,187.0534815615711,189.76783752441406,68903000
2024-01-22,190.50092877344645,193.50258021639056,190.46129453087994,192.0760498046875,60133900
2024-01-23,193.19548176740474,193.91864797179585,192.01661247228014,193.35397338867188,42355600
2024-01-24,193.59173469903226,194.54276001272405,192.52183688964197,192.6803436279297,53631300
2024-01-25,193.3936190715828,194.43379881211092,191.30335858737243,192.3534393310547,54822100
2024-01-26,192.45249496932922,192.93790105900956,190.14429166563914,190.6197967529297,44594000
2024-01-29,190.2136280052267,190.4018528619721,187.8063693410428,189.93624877929688,47145600
2024-01-30,189.1536549714469,190.0056098088079,185.71611749758625,186.28077697753906,55859400
2024-01-31,185.2901205380725,185.34957189909602,182.62529981948686,182.67481994628906,55467800
2024-02-01,182.26865674153308,185.20095550981347,182.10024901841177,185.11180114746094,64885400
2024-02-02,178.17728694752884,185.57740118350648,177.57299331125648,184.1112518310547,102551700
2024-02-05,186.38972207997213,187.4794368744002,184.10133612770585,185.9241180419922,69668800
2024-02-06,185.1118168962398,187.53889270164484,185.02266252630227,187.52899169921875,43490800
2024-02-07,188.85645841865113,189.26262627331204,186.8454513829838,187.63796997070312,53439000
2024-02-08,187.61814818475136,187.7667388029894,185.5972401965417,186.55816650390625,40962000
2024-02-09,187.12353611951417,188.45270503827624,186.47880163607178,187.32192993164062,45155200
2024-02-12,186.89539390047275,187.14337102036012,185.27857823550397,185.6356658935547,41781900
2024-02-13,184.26685928046126,184.70330147289806,182.02513622573113,183.54275512695312,56529500
2024-02-14,183.82050423664703,184.02879656144881,180.9638026996327,182.6599578857422,54630500
2024-02-15,182.0647795118643,182.9971757765867,179.88258418280432,182.3722686767578,65434500
2024-02-16,181.9358579237584,183.35429496994237,180.2000180232841,180.8348388671875,49752500
2024-02-20,180.31903131312703,180.95385211869663,178.543521838827,180.0908966064453,53665600
2024-02-21,180.4678422502364,181.41015233649017,179.1982005294332,180.8447723388672,41371400
2024-02-22,181.99537582737872,183.463411373256,180.98364000764028,182.878173828125,52292200
2024-02-23,183.51297897874218,183.54273502175582,180.7554746671187,181.0431365966797,45119700
2024-02-26,180.76540051034647,181.28118200444274,179.1882545795608,179.6941375732422,40867400
2024-02-27,179.6346334198553,182.43180748858953,178.1070858709482,181.15225219726562,54318900
2024-02-28,181.03321827875988,181.6382830805114,178.67248629654023,179.95204162597656,48953900
2024-02-29,179.80327228471162,181.09275646398507,178.07734590919267,179.2874755859375,136682600
2024-03-01,178.09718827908785,179.06925444803085,175.94474848019505,178.206298828125,73563100
2024-03-04,174.7246735635979,175.46860492728393,172.38376893378626,173.6831817626953,81510100
2024-03-05,169.37827475690668,170.64791631173568,168.2474997741583,168.7434539794922,95132400
2024-03-06,169.67587669286206,169.85442810491517,167.31512946505867,167.75157165527344,68587700
2024-03-07,167.78130279152694,169.34851990765398,167.12665473872153,167.6325225830078,71765100
2024-03-08,167.63254371875993,172.29451084245372,167.5730316278488,169.34854125976562,76267000
2024-03-11,171.54068369235623,172.9690345645102,170.6578856026673,171.3522186279297,60139500
2024-03-12,171.74893835615396,172.62182261661565,169.62625492438514,171.8282928466797,59825400
2024-03-13,171.3720295685671,171.78862930722158,169.3782838692582,169.74530029296875,52488700
2024-03-14,171.51090581587792,172.89957168966941,170.65786388331372,171.6001739501953,72913500
2024-03-15,169.78497182252738,171.22323608398438,168.91208752136302,171.22323608398438,121752700
2024-03-18,174.1493830977455,176.27206668827822,172.11596763998543,172.31434631347656,75604200
2024-03-19,172.92933186407737,175.18096849600929,171.62993409357304,174.65525817871094,55215200
2024-03-20,174.29817691484007,177.22430419921875,173.67326966604173,177.22430419921875,53423100
2024-03-21,175.61741650508932,176.05385870042272,169.45765758517675,169.98336791992188,106181300
2024-03-22,170.37020490965267,171.64977539848843,168.68396342338923,170.88600158691406,71160100
2024-03-25,169.1898266673456,170.54873636107317,168.0788789435942,169.46755981445312,54288300
2024-03-26,168.62443878704727,170.0329469889122,168.20783904863555,168.3367919921875,57388400
2024-03-27,169.031110308063,172.19530045517126,168.73353476763302,171.9076385498047,60273300
2024-03-28,170.36028779920613,170.83639964948821,169.13031578937776,170.09246826171875,65672700
2024-04-01,169.80483820681948,169.86435030206175,168.1086678157934,168.6542205810547,46240500
2024-04-02,167.71189467068976,167.96978543762384,166.86876637308836,167.4738311767578,49329500
2024-04-03,167.4242255584593,169.29893197888933,167.21593325359058,168.2772674560547,47691700
2024-04-04,168.91210166538218,170.52891745806397,167.45401000976562,167.45401000976562,53704400
2024-04-05,168.2177841211697,169.01131406729192,167.58296319133692,168.20787048339844,42104800
2024-04-08,167.66228381393842,167.83090643391947,166.87868279928273,167.08697509765625,37425500
2024-04-09,167.3349666518587,168.70380527202582,166.98780774616682,168.297119140625,42373800
2024-04-10,167.4341446269544,167.7217914097351,165.7578169724605,166.42239379882812,49709300
2024-04-11,166.97787330186227,174.040272115757,166.7993370367697,173.6236572265625,91070300
2024-04-12,172.8499658132502,176.91679662448954,172.80038249764078,175.12144470214844,101670900
2024-04-15,173.94107267383276,175.20080068867838,171.10421379905583,171.2926788330078,73531800
2024-04-16,170.36027866522625,172.354009228837,166.9084414489389,168.00946044921875,73711200
2024-04-17,168.23761366668208,169.2691919230274,166.64064025878906,166.64064025878906,50901200
2024-04-18,166.67037984876308,167.27544462394533,165.20235954360626,165.68838500976562,43122900
2024-04-19,164.86513304300607,165.05358296102196,162.75236290762146,163.6649169921875,68149400
2024-04-22,164.18068981978783,165.9066008250168,163.4367584871004,164.4980926513672,48116400
2024-04-23,164.01206877643943,165.69831011966792,163.58554027123327,165.5495147705078,49537800
2024-04-24,165.19243035823263,167.93010742906517,164.86511388137603,167.65237426757812,48251800
2024-04-25,168.15824741627387,169.2295104164757,166.78940883790665,168.5153350830078,50558300
2024-04-26,168.50540819041237,169.95358601606148,167.81106018420974,167.9300994873047,44838400
2024-04-29,171.9671774185786,174.60565774723543,171.69937301226366,172.09613037109375,68169400
2024-04-30,171.92749229774822,173.5740639461448,168.62443536523762,168.95176696777344,65934800
2024-05-01,168.20783263565716,171.31251085120192,167.74163446478235,167.9300994873047,50383100
2024-05-02,171.1141167118999,172.01675700988142,169.50722990892024,171.62991333007812,94214900
2024-05-03,185.13970898312533,185.48688300008854,181.1820038934194,181.89617919921875,163224100
2024-05-06,180.87452115240256,182.70954279745968,178.9601298757301,180.2397003173828,78569700
2024-05-07,181.965609726272,183.40387401178498,179.8528549315395,180.92410278320312,77305800
2024-05-08,181.37049360808004,181.58871471095884,179.98181248654907,181.26138305664062,45057100
2024-05-09,181.0828227285221,183.16583674066726,180.63646690744054,183.07656860351562,48983000
2024-05-10,183.65265049654158,183.8413711732151,180.90134794922002,181.8151397705078,50759500
2024-05-13,184.18900107058352,185.8378061410755,183.37452561798457,185.02333068847656,72044800
2024-05-14,186.245019986336,187.02969899838186,185.0332491027049,186.16555786132812,52393600
2024-05-15,186.6423374407049,189.36384333151435,186.1059718662387,188.44012451171875,70400000
2024-05-16,189.18505039119887,189.81080512810087,188.38051724709635,188.55929565429688,52845200
2024-05-17,188.23153932133224,189.52277241007562,187.90376371878457,188.589111328125,41282900
2024-05-20,188.052749878466,190.62527366658756,187.73490137733788,189.75120544433594,44361300
2024-05-21,189.80088903544183,191.42982486744873,189.63203768676544,191.05239868164062,42309400
2024-05-22,190.9729201671483,191.5192128106237,188.9864124860383,189.61215209960938,34648500
2024-05-23,189.6916095055364,189.71147882549133,185.3709645001415,185.61927795410156,51005900
2024-05-24,187.54620129756856,189.2943226367172,186.771449342652,188.6983642578125,36327000
2024-05-28,190.21804799663707,191.69800175645932,187.82431762786635,188.70831298828125,52280100
2024-05-29,188.33086600869876,190.95305560689752,188.2315345598267,189.0062713623047,53068000
2024-05-30,189.4730884200293,190.88350698979508,189.343975732697,189.99951171875,49889100
2024-05-31,190.1485307236603,191.2709124904654,188.62885345568,190.95306396484375,75158300
2024-06-03,191.5986571441052,193.67456916074488,191.22123099586668,192.72103881835938,50080500
2024-06-04,193.32693160548868,194.0023521144802,191.72779227719917,193.0388946533203,47471400
2024-06-05,194.0818144537235,195.571695368637,193.55539107625557,194.54864501953125,54156800
2024-06-06,194.36987376952155,195.1744070683784,192.86012347629529,193.16802978515625,41181800
2024-06-07,193.33685821193552,195.6114180436154,192.83030419832767,195.56175231933594,53103900
2024-06-10,195.57168290202756,195.96899354752293,190.8537269722117,191.8171844482422,97010200
2024-06-11,192.34361998807736,205.76249045694837,192.32376582143226,205.75254821777344,172373300
2024-06-12,205.97105482418652,218.7145040828182,205.50422428227435,211.6326141357422,198134300
2024-06-13,213.29135046662026,215.2877853731434,210.17253378994005,212.7947235107422,97862700
2024-06-14,212.40732905654968,213.71841617832436,209.87452886084736,211.05650329589844,70122700
2024-06-17,211.9306022572564,217.47296142543522,211.2849932161641,215.20834350585938,93728300
2024-06-18,216.12210108008887,217.15509356895643,211.56306955662498,212.8443603515625,79943300
2024-06-20,212.48680152632818,212.79472296910444,207.4410850045998,208.26547241210938,86172500
2024-06-21,208.97067049292605,210.4605512222798,205.71279917720716,206.09024047851562,241805100
2024-06-24,206.3187055335118,211.2651058128792,205.19632375372012,206.73587036132812,80727000
2024-06-25,207.73905391104032,209.95402109263304,207.20270345608853,207.65960693359375,55549700
2024-06-26,210.07319184959564,213.41052543273105,209.21899292189278,211.81138610839844,66213200
2024-06-27,213.2416710401095,214.28459061162127,210.91746067332394,212.65565490722656,49772700
2024-06-28,214.31440940079366,214.61238861747256,208.88130907255572,209.1991424560547,82542700
2024-07-01,210.65922892540738,216.04266357466884,210.49037757076027,215.2877960205078,60402900
2024-07-02,214.6918109818244,218.89328562800327,213.6489065767971,218.78402709960938,58046200
2024-07-03,218.51582778223576,220.0553741455078,217.55237042000067,220.0553741455078,37369800
2024-07-05,220.15471670620812,224.92233836715073,220.15471670620812,224.81307983398438,60412400
2024-07-08,225.55804052038548,226.31292323770106,221.7439489111218,226.2831268310547,59085900
2024-07-09,226.39235814584333,227.85244261706796,224.84288445944628,227.13729858398438,48076100
2024-07-10,227.75311249906628,231.50761086701095,227.70344677503346,231.4082794189453,62627700
2024-07-11,229.82901193417422,230.82226580227746,224.2469300453064,226.0347900390625,64710600
2024-07-12,227.37567478656334,231.07058040656065,227.13728840093884,228.9847412109375,53046500
2024-07-15,234.88468027763452,235.62962070976812,231.5175501306247,232.81871032714844,62631300
2024-07-16,233.4146487749432,234.67608537579065,230.7626628820321,233.23587036132812,43234300
2024-07-17,227.90211488577285,229.89856501704188,225.11107372236052,227.33596801757812,57345900
2024-07-18,228.7265030667722,228.88542732552744,220.7705449165008,222.6676483154297,66034600
2024-07-19,223.30333735062962,225.2699757257536,221.7737179376491,222.79676818847656,49151500
2024-07-22,225.47857008869346,226.24337986146955,221.58501648633228,222.44915771484375,48201800
2024-07-23,222.8563682936816,225.40903804109774,221.17776681088287,223.49205017089844,39960300
2024-07-24,222.48886176091068,223.28346786979841,215.66521268088363,217.06568908691406,61777600
2024-07-25,217.45306951901438,219.36013034825794,213.17214762576046,216.02279663085938,51391200
2024-07-26,217.22462220056258,218.0093012590926,214.55276681781487,216.4896240234375,41601300
2024-07-29,215.49635179854616,217.82056206049742,214.29450802816862,216.76771545410156,36311800
2024-07-30,217.71131248471113,218.84362126060284,214.66201590891492,217.32394409179688,41643800
2024-07-31,219.9461205520653,222.3100694099872,219.14158741123643,220.58180236816406,50036300
2024-08-01,222.85636745689294,222.96562598955987,215.5559605569344,216.8869171142578,62501000
2024-08-02,217.6715836076827,224.0780833133434,216.24131073912352,218.37680053710938,105568600
2024-08-05,197.74691336614487,212.0597055615941,194.6777624827749,207.85824584960938,119548600
2024-08-06,203.91501287026546,208.5733757245506,199.7135534430835,205.8319854736328,69660500
2024-08-07,205.50421123787663,212.1987475040528,204.9976572409954,208.40452575683594,63516400
2024-08-08,211.67235443417223,212.75499762550604,207.42122864939222,211.87100219726562,47161100
2024-08-09,210.66914912089348,215.317569896599,210.54002126961797,214.78121948242188,42201600
2024-08-12,214.8607709437837,218.28150622882862,214.39340008618356,216.31259155273438,38028100
2024-08-13,217.7843155173404,220.64820259017597,217.7843155173404,220.03167724609375,44155300
2024-08-14,219.33561365974072,221.78183806687042,218.4704721927748,220.4791717529297,41960600
2024-08-15,223.34303300242357,224.0888356302054,221.51331902381992,223.4623565673828,46414000
2024-08-16,222.66684293368954,225.56056092969672,222.39834972442236,224.78492736816406,44340200
2024-08-19,224.45676193958974,224.7252551363764,221.79175263729985,224.6258087158203,40687800
2024-08-20,224.50649118022673,225.89865006504533,224.18827476461456,225.24234008789062,30299000
2024-08-21,225.25230383574092,226.70412456960102,223.7905293550798,225.13296508789062,34765500
2024-08-22,226.51518775043243,227.06211276120644,222.6469583809866,223.2734375,43695300
2024-08-23,224.39710671028325,226.9427773475752,223.07454817990703,225.57049560546875,38677300
2024-08-26,225.49095216733542,226.00804628168004,222.6370187250734,225.90859985351562,30602200
2024-08-27,224.73520717839608,227.5692634267734,223.63141860700006,226.75384521484375,35934600
2024-08-28,226.6444476309267,228.57359288043327,224.41697829182954,225.2224578857422,38052200
2024-08-29,228.81226038667728,231.61647047641185,227.59908685526068,228.5039825439453,51906300
2024-08-30,228.90175696593346,229.11057321557684,226.2069166530855,227.71841430664062,52990800
2024-09-03,227.27093626472063,227.71841483123856,219.9322331496077,221.52328491210938,50190600
2024-09-04,220.41947805942777,220.53880162102288,216.26286364094776,219.614013671875,43840200
2024-09-05,220.38968006999326,224.2181249188319,220.28029506440387,221.13548278808594,36615400
2024-09-06,222.69668624975694,223.97947540850993,218.5400864277892,219.58421325683594,48423000
2024-09-09,219.58419811845144,220.03167667908036,215.49719894103853,219.67369079589844,67180000
2024-09-10,217.69483113354613,220.2405018848782,215.517084853391,218.878173828125,51591000
2024-09-11,220.22061344649163,221.8414808899648,216.670585544778,221.4138946533203,44587100
2024-09-12,221.25479170284098,222.29891847364556,218.5897974500539,221.52328491210938,37455600
2024-09-13,222.32874892129448,222.78616606005667,220.66809680320824,221.25479125976562,36766600
2024-09-16,215.32814508742544,216.00434741371936,212.72281255665072,215.10939025878906,59357400
2024-09-17,214.54256344637628,215.6861214463737,213.2995590231644,215.5767364501953,45519300
2024-09-18,216.33249894497217,221.46362499015893,216.322545198334,219.45492553710938,59894900
2024-09-19,223.7308512841788,228.53382206057998,223.37286541347208,227.58912658691406,66781300
2024-09-20,228.68298057338347,231.78551472560144,226.34612621296694,226.92288208007812,318679900
2024-09-23,226.06771724362264,228.16590950652684,224.54628090601008,225.2025909423828,54146000
2024-09-24,227.37036953161189,228.06646416724695,224.4667129366972,226.0975341796875,43556100
2024-09-25,223.6711754067507,226.01796830972677,222.76627973963284,225.10311889648438,42308700
2024-09-26,226.02793410267134,227.22121534991766,224.14851196557498,226.2467041015625,36636700
2024-09-27,227.18146154316054,228.2355269704417,226.02794968283968,226.51519775390625,34026000
2024-09-30,228.75260351180964,231.696044921875,228.36478670449856,231.696044921875,54541900
2024-10-01,228.2355040411627,228.36476618305377,222.4878528116685,224.94403076171875,63285000
2024-10-02,224.62581519597003,226.09752818761766,221.771881889721,225.51083374023438,32880600
2024-10-03,223.88001079844628,225.5406628776434,222.0702042586661,224.40704345703125,34044200
2024-10-04,226.6245660168141,226.72401244250622,222.87567550784985,225.53073120117188,37245100
2024-10-07,223.24361256318196,224.42695529805295,220.09135491038006,220.4493408203125,39505400
2024-10-08,223.0447257693685,224.71531649859696,222.00059897690352,224.50650024414062,31855700
2024-10-09,223.96950943919006,228.46421777631028,223.57175408478048,228.25538635253906,33591100
2024-10-10,226.50525089558744,228.21562630222516,225.89866409237993,227.75819396972656,28183500
2024-10-11,228.0167412789572,228.12612627842185,226.0677036085129,226.2765350341797,31759200
2024-10-14,227.42008369962844,230.43312517401645,227.32065245091678,230.0055389404297,39882100
2024-10-15,232.3026279543652,236.1609188169062,231.06956201546166,232.54129028320312,64751400
2024-10-16,230.30386376880503,230.8209426799016,228.55370384388218,230.48284912109375,34082200
2024-10-17,232.12361966628396,232.5412825211578,229.22991678936268,230.8507843017578,32993800
2024-10-18,234.8582339303053,234.8582339303053,232.70037994861724,233.68484497070312,46431500
2024-10-21,233.13791711516282,235.52449481958178,233.13791711516282,235.15655517578125,36254500
2024-10-22,232.58103244918055,234.8979944094582,231.29825861907142,234.54000854492188,38846600
2024-10-23,232.7700095738542,233.8240750212742,226.48537118587697,229.4685821533203,52287000
2024-10-24,228.69292294524882,229.52823345451665,227.131717270346,229.27963256835938,31109500
2024-10-25,228.45427709115,231.91479719738325,228.28523030841902,230.11492919921875,38802300
2024-10-28,232.01424158684446,233.41633904858514,231.24854661133642,232.09378051757812,36087100
2024-10-29,231.7954872619061,233.01859945208068,231.01985366097637,232.36228942871094,35417200
2024-10-30,231.30820323038637,232.1633908639167,228.26533088908346,228.812255859375,47070900
2024-10-31,228.05650301771783,228.5437662121666,224.10871977089283,224.6457061767578,64370100
2024-11-01,219.7333456007168,224.08883784550613,219.03726617591775,221.66249084472656,65276700
2024-11-04,219.75323643771605,221.54315061130296,218.4804011628397,220.76751708984375,44944500
2024-11-05,220.55871830266648,222.6966799421733,219.90240829460964,222.19947814941406,28111300
2024-11-06,221.36415627152132,224.8047989417024,219.95210516998125,221.47354125976562,54561100
2024-11-07,223.37286824297072,226.60467969295215,223.31320645932942,226.2069091796875,42137700
2024-11-08,226.1471868576639,227.63048374280507,225.39061415381417,225.93814086914062,38328800
2024-11-11,223.98696589218596,224.68381119249955,220.50272420052974,223.22042846679688,42005600
2024-11-12,223.53899499841924,224.5743058460154,222.354350392842,223.22042846679688,40398300
2024-11-13,223.00141185159572,225.62952490733255,221.75703985190805,224.10641479492188,48566200
2024-11-14,224.0068849307252,227.83954176018094,223.9869707245471,227.19247436523438,44923900
2024-11-15,225.38064426033654,225.89830725108274,223.26024476090137,223.98695373535156,47923700
2024-11-18,224.23582987715278,228.70561947942855,224.1561882479486,226.9933624267578,44633700
2024-11-19,225.95804731142948,229.123737666772,225.63949596937007,227.252197265625,36211800
2024-11-20,227.0331781982001,228.89475383274825,224.8729502483013,227.9689483642578,35169600
2024-11-21,227.8494991340082,229.1237348668511,224.69377351516385,227.49111938476562,42108300
2024-11-22,227.03318893672346,229.6812162999479,227.03318893672346,228.8350372314453,38168300
2024-11-25,230.41787789282506,232.19981188776785,228.70562083004268,231.82151794433594,90152800
2024-11-26,232.2794717613211,234.50939199708804,232.2794717613211,234.00167846679688,45986200
2024-11-27,233.41431778082386,234.6288260383393,232.75728573526553,233.8722381591797,33498400
2024-11-29,233.75280101667178,236.73929396987336,232.91658663539664,236.26145935058594,28481400
2024-12-02,236.20171450499868,239.70585504150458,236.0922091638524,238.51126098632812,48137100
2024-12-03,238.73028547870095,241.66700046466846,237.82437898500294,241.5574951171875,38861000
2024-12-04,241.7765092325954,243.01093178619982,240.16380790150487,241.91587829589844,44383900
2024-12-05,242.8914746561807,243.43898620611924,241.03984843814553,241.94573974609375,40033900
2024-12-06,241.81633519239523,243.5285923470879,240.99007032901886,241.74664306640625,36870600
2024-12-09,240.74119161135067,246.12683738886614,240.6615499788263,245.6390380859375,44649200
2024-12-10,245.7783914922151,247.09245556004478,244.23536723926503,246.65443420410156,36914800
2024-12-11,246.84360125039836,249.67081089954078,245.15124311202538,245.38021850585938,45205800
2024-12-12,245.77839247075497,247.62006903646127,244.57383373711528,246.8435821533203,32777500
2024-12-13,246.70423080565516,248.16759835190283,245.13134272203925,247.01283264160156,33155300
2024-12-16,246.87345818165343,250.2481944775453,246.53497744922532,249.9097137451172,51694800
2024-12-17,248.95404406138837,252.68716009783537,248.655391740455,252.33872985839844,51356400
2024-12-18,251.02467749046986,253.13512753347695,246.62457993830327,246.9331817626953,56774100
2024-12-19,246.3856613682502,250.86540066585474,245.97750369773615,248.66534423828125,60882300
2024-12-20,246.92320588947405,253.8518755287198,244.58379575845774,253.34417724609375,147495300
2024-12-23,253.62293295259332,254.49896052911285,252.30886880268173,254.1206817626953,40858800
2024-12-24,254.3396705835317,257.0474099027653,254.14055892454206,257.0374755859375,23234700
2024-12-26,257.0275101814573,258.9289141129315,256.47003399402934,257.853759765625,27237100
2024-12-27,256.6691137206059,257.5352220874343,251.9206014592013,254.439208984375,42355300
2024-12-30,251.09434735441482,252.35863351915538,249.6210152068174,251.06448364257812,35557500
2024-12-31,251.30342042234355,252.1396347735265,248.30696287880588,249.29251098632812,39480700
2025-01-02,247.80922035937212,247.97846832553566,240.73124671787497,242.75210571289062,55740700
2025-01-03,242.26431274414062,243.080612931882,240.80092995907523,242.26431274414062,40244100
2025-01-06,243.2100158477468,246.21642284830082,242.10501290585998,243.89691162109375,45045600
2025-01-07,241.88599852058522,244.44443460073458,240.263347789176,241.11947631835938,40856000
2025-01-08,240.83078235887348,242.61273160476242,238.9692066706783,241.60726928710938,37628900
2025-01-10,238.9293760168756,239.0787097724967,231.95094323601768,235.7836151123047,61710900
2025-01-13,232.47855694506205,233.61342361918983,228.68571346021633,233.34463500976562,49630700
2025-01-14,233.69307331230715,235.05690023183175,231.42333988575893,232.2296905517578,39435300
2025-01-15,233.5835582088168,237.88411516800545,233.3744970274307,236.79901123046875,39832000
2025-01-16,236.28136958651152,236.9383864807084,227.0033243432251,227.23228454589844,71759100
2025-01-17,231.07489856287185,231.24413133243607,227.4512878984511,228.9445343017578,68488300
2025-01-21,222.9914505136237,223.40955766052627,218.39225670760806,221.6375732421875,98070400
2025-01-22,218.80041619812283,223.1109227348787,218.80041619812283,222.82223510742188,64126500
2025-01-23,223.72815445577547,226.0078374632505,221.29913768199057,222.65301513671875,60234800
2025-01-24,223.76794215782238,224.614121166801,220.4131202139208,221.77694702148438,54697900
2025-01-27,223.01138591977585,231.10477141655377,222.9715575076631,228.82508850097656,94863400
2025-01-28,229.81063008981926,239.1085741517517,229.77080167884077,237.187255859375,75707600
2025-01-29,233.06589003597526,238.78005164957875,232.9563846938824,238.2823028564453,45486100
2025-01-30,237.59541819689565,239.7058683175974,236.14200015946125,236.52027893066406,55658300
2025-01-31,246.0770438113447,246.0770438113447,232.38895238779278,234.9374237060547,100959800
2025-02-03,228.95449458875606,230.78620649590428,224.6838014511222,226.9833984375,73063300
2025-02-04,226.2268315478868,232.08036234711574,225.62952690670866,231.75184631347656,45067300
2025-02-05,227.50106167329415,231.62242106375825,227.24223776986636,231.42332458496094,39620300
2025-02-06,230.24863411824003,232.74734282564026,229.39250557129796,232.16995239257812,29925300
2025-02-07,231.5527419594936,232.94643248808816,226.23677336593994,226.60511779785156,39707200
2025-02-10,228.7876615470872,229.80417456619486,226.42572786906877,226.8741912841797,33115600
2025-02-11,227.42233485023965,234.42837673351212,227.3525813044295,231.8272705078125,53718400
2025-02-12,230.41209906543347,236.15247950770552,229.89386689621963,236.06277465820312,45243300
2025-02-13,236.10264318513748,241.514131106333,234.7672133917818,240.70689392089844,53614100
2025-02-14,240.4278591482801,244.71320848741047,240.16875066053348,243.76644897460938,40896200
2025-02-18,243.31796980618805,244.34445851454996,241.01584434943877,243.6368865966797,48822500
2025-02-19,243.8262313730556,245.17162160901916,242.33134319523683,244.03550720214844,32204200
2025-02-20,244.10528213544586,245.93900803040836,243.45748811790233,244.99224853515625,32316900
2025-02-21,245.11182656230832,247.84249441981407,244.38431857946645,244.71319580078125,53197400
2025-02-24,244.0953010258401,248.01191597096326,243.58704451830639,246.25791931152344,51326400
2025-02-25,247.15485528022737,249.14803959700342,244.0753891604379,246.1981201171875,48013300
2025-02-26,243.49736566903925,244.14514449402503,238.3150894487839,239.5408935546875,44433600
2025-02-27,238.5941277716784,241.6337368385667,236.25213016109495,236.49131774902344,41153600
2025-02-28,236.14250368420718,241.26498665715278,229.41550676334808,241.01583862304688,56833400
2025-03-03,240.96600727263495,243.1983791446907,235.30537120652147,237.2188262939453,47184000
2025-03-04,236.89992456399492,239.25188262538288,233.88023638606123,235.1259765625,53798100
2025-03-05,234.61771347352882,235.7438674276595,228.44880585950324,234.93663024902344,47227600
2025-03-06,233.64107919926062,237.0494227188423,232.36544239217005,234.52804565429688,45170400
2025-03-07,234.30878315837532,240.54744460053885,233.95996981993864,238.2552947998047,46273600
2025-03-10,234.73730306532093,235.35520052510583,223.45588808739058,226.70477294921875,72071200
2025-03-11,223.04728218644934,225.0703629938446,216.7089556312574,220.08740234375,76137400
2025-03-12,219.3897895710681,220.99430349899413,214.17761702040198,216.2405548095703,62547500
2025-03-13,215.21406028960521,216.10102664759694,207.70972301630272,208.96542358398438,61368300
2025-03-14,210.53007941159925,213.22087501834247,208.86577244295887,212.762451171875,60107600
2025-03-17,212.58305520506434,214.48654973692538,209.25444129100026,213.2707061767578,48073400
2025-03-18,213.43018643369246,214.4168029665515,210.76928711901598,211.96519470214844,42432400
2025-03-19,213.48995680484757,218.0144781615262,213.0215573102422,214.50648498535156,54385400
2025-03-20,213.2607660976187,216.74883872802718,211.49679368091097,213.37039184570312,48862900
2025-03-21,210.83902892918795,218.09421843072647,210.55998434888178,217.5261688232422,94127800
2025-03-24,220.24685206675267,220.72521201243578,217.8351010318318,219.97776794433594,44299500
2025-03-25,220.0176475207108,223.3363011191594,219.32999652191663,222.98748779296875,34493600
2025-03-26,222.7483031053444,224.25316696482244,219.71866969932233,220.77505493164062,34466100
2025-03-27,220.63554992146092,224.22328797900445,219.8083765580053,223.08717346191406,37094800
2025-03-28,220.91458161653458,223.04728822423488,216.93817343567548,217.1574249267578,39818600
2025-03-31,216.27045427307317,224.8511131847691,215.49311362240712,221.37301635742188,65299300
2025-04-01,219.06091135294477,222.91771798921508,218.15400887457568,222.4293975830078,36412700
2025-04-02,220.56578026164416,224.4225869866718,220.2667995775576,223.12701416015625,35905900
2025-04-03,204.8395255545537,206.78289223919597,200.56415230327434,202.49754333496094,103419000
2025-04-04,193.2292544699453,199.19884701911502,186.70157274086588,187.738037109375,125910900
2025-04-07,176.59612158290105,193.48835506739644,174.02491207450518,180.84161376953125,160466300
2025-04-08,186.06374707733985,189.6913418115003,168.63336050772435,171.83241271972656,120859500
2025-04-09,171.3640242168161,199.92636006312654,171.30423111843703,198.17236328125,184395900
2025-04-10,188.42568213047016,194.11621470149436,182.37636057603893,189.7710723876953,121880000
2025-04-11,185.46580802047046,198.85999394662434,185.42593581806156,197.4747314453125,87435900
2025-04-14,210.7194495182335,212.2143377637297,200.47448329230923,201.82984924316406,101352900
2025-04-15,201.1720815277121,202.81645240683693,199.11910423874315,201.4511260986328,51343900
2025-04-16,197.68401406478426,200.01603598224625,191.71442177543545,193.6079559326172,59732400
2025-04-17,196.5279673080365,198.15241736523095,193.75744237056688,196.3087158203125,52164700
2025-04-21,192.61136524453693,193.13955785695288,189.1631497833642,192.50173950195312,46742500
2025-04-22,195.45165216386687,200.9030125684292,195.3021694205859,199.059326171875,52976400
2025-04-23,205.29797863560773,207.29116289420588,202.10888686320854,203.9027557373047,52929200
2025-04-24,204.1917755069081,208.11835121294007,202.2484237558185,207.659912109375,47311000
2025-04-25,205.66671618569228,209.0352025034097,205.49729734578435,208.56680297851562,38222300
2025-04-28,209.2843516085664,210.77923983434187,206.7530142372406,209.4238739013672,38743100
2025-04-29,207.978817902887,211.51672307140856,207.6599011161091,210.490234375,36827600
2025-04-30,208.58674127234366,212.8521544830753,205.96569903614,211.7758331298828,52286500
2025-05-01,208.3674918385056,213.82881264887993,208.18809734114114,212.59304809570312,57365700
2025-05-02,205.38766067678682,206.2846026840361,201.47106105284274,204.6501922607422,101010600
2025-05-05,202.40787903175757,203.4044712176219,197.5345438511527,198.21221923828125,69018500
2025-05-06,197.5345306234426,199.96620262041338,196.34858356859348,197.83349609375,51216500
2025-05-07,198.49125449640593,198.7603386318323,192.59143085844198,195.58120727539062,68536700
2025-05-08,197.04619801698016,199.3682595147921,194.0165494128041,196.81698608398438,50478900
2025-05-09,198.32183886048443,199.85658408831688,196.86680762308345,197.8534393310547,36453900
2025-05-12,210.52676720097676,210.82613996616402,206.31563192374182,210.34713745117188,63775800
2025-05-13,209.98788789546765,212.95164926547025,208.56089957562318,212.48263549804688,51909300
2025-05-14,211.98367663769176,213.49051386836734,210.13757262915965,211.88389587402344,49325800
2025-05-15,210.506803034962,212.51258988469863,209.0997617101353,211.00575256347656,45029500
2025-05-16,211.9138418912236,212.12340739052024,209.3292870180407,210.81614685058594,54737900
2025-05-19,207.47318710280226,209.0398806327114,203.83084657536088,208.3413543701172,46140500
2025-05-20,207.23369558110693,208.03201787298204,204.5992426766309,206.42539978027344,42496600
2025-05-21,204.73893602091724,206.60500227852873,200.28831500749223,201.6654052734375,59211800
2025-05-22,200.2883071907537,202.32401437172413,199.28041949489233,200.9369354248047,46742400
2025-05-23,193.26311186041877,197.28464391104225,193.05356158182016,194.85975646972656,78432900
2025-05-27,197.88337691051132,200.31825293342968,197.01519441683536,199.78936767578125,56288500
2025-05-28,200.16855762950956,202.30406088976383,199.48000488022652,199.99891662597656,45339700
2025-05-29,203.15228556391767,203.38179807643976,198.09293019267844,199.5299072265625,51396800
2025-05-30,198.95112277889336,201.53569281345096,196.36656797106642,200.4280242919922,70819900
2025-06-02,199.85921507319503,201.70533435611304,199.69954757512772,201.27622985839844,35423300
2025-06-03,200.92696184786135,203.34187550579085,200.53778186221837,202.84292602539062,46381600
2025-06-04,202.48369763994597,205.80670326672896,201.67540185470463,202.39389038085938,43604000
2025-06-05,203.07246156364138,204.3198354061699,199.7294935749724,200.20849609375,55126100
2025-06-06,202.57349663849442,205.26782088834017,201.62549563553227,203.49156188964844,46607700
2025-06-09,203.96058960802065,205.56720771427428,199.59977555964565,201.02676391601562,72862600
2025-06-10,200.1785434107301,203.92066462184746,200.14860765917956,202.2441864013672,54672600
2025-06-11,203.0724503091444,204.07034932786254,197.99314795828434,198.36236572265625,60989900
2025-06-12,198.66173587371065,199.26046614106752,196.94534836583952,198.78147888183594,43904600
2025-06-13,199.3103695725812,199.9490243445518,195.2888376882346,196.03726196289062,51447300
2025-06-16,196.8854859861783,198.27256505925683,196.1470352061455,198.0031280517578,43020700
2025-06-17,196.78567812068002,197.97318035709665,194.79986887227625,195.2289581298828,38856200
2025-06-18,195.52832221137376,197.15490236836843,194.66015499959357,196.16697692871094,45394700
2025-06-20,197.8235020126397,201.27622400422058,196.44639652864126,200.57769775390625,96813500
2025-06-23,201.20639190632414,201.87498244787415,198.54200324907936,201.07666015625,55814300
2025-06-24,202.16436301176623,203.0125832870988,199.77938491343542,199.87918090820312,54064000
2025-06-25,201.0267661369261,203.2421033073339,200.19850807531137,201.13653564453125,39525700
2025-06-26,201.00678701240994,202.2142514946699,199.04094000321476,200.57769775390625,50799100
2025-06-27,201.4658274879402,202.7930349784745,199.57979899649257,200.65753173828125,73188600
2025-06-30,201.58557286233471,206.95427439094752,198.84135059390303,204.7389373779297,91912800
2025-07-01,206.23578409144605,209.74839282792448,205.70689884063935,207.3833770751953,78788900
2025-07-02,208.47108532398713,212.8917706186518,207.7026988246806,211.99366760253906,67941800
2025-07-03,211.70428104663077,214.19902871499423,211.36499901814886,213.10134887695312,34955800
2025-07-07,212.23315593085263,215.77570049162512,208.36131809352125,209.50889587402344,50229000
2025-07-08,209.658593847986,210.98578616820197,208.01205130024096,209.5687713623047,42848900
2025-07-09,209.0897778625777,210.8859991217609,206.78463359109693,210.69639587402344,48749400
2025-07-10,210.06771262581316,213.03147386855414,209.58872537016995,211.96372985839844,44443600
2025-07-11,210.12759762046792,211.68431760849728,209.41908263784933,210.7163543701172,39765800
2025-07-14,209.48893166698292,210.46688365912564,207.10395364435493,208.1816864013672,38840100
2025-07-15,208.7804390594974,211.44482767792792,208.48106630115817,208.67066955566406,42296300
2025-07-16,209.8581806046168,211.95375954691573,208.2016644692293,209.71847534179688,47490500
2025-07-17,210.12759810142074,211.3550095983717,209.14964612579556,209.57875061035156,48068100
2025-07-18,210.42696659875526,211.34503189230253,209.25942654413325,210.73631286621094,48974600
2025-07-21,211.65437808070223,215.3266389893317,211.18536434566,212.0335693359375,51377400
2025-07-22,212.69220709721728,214.49840197701596,211.78411528941558,213.94955444335938,46404100
2025-07-23,214.54829351654996,214.69797228179937,211.9637386583707,213.7000732421875,46989300
2025-07-24,213.45058781785585,215.2368355364858,213.08137006420023,213.31088256835938,46022600
2025-07-25,214.24891808809048,214.7877920897316,212.95164630742312,213.43064880371094,40268800
2025-07-28,213.5803337758995,214.39861831079742,212.61237047326716,213.6002960205078,37858000
2025-07-29,213.73000061776605,214.3586818606333,210.37707459375494,210.8261260986328,51411700
2025-07-30,211.454797150492,211.94377315400357,207.28358653790625,208.6107940673828,45512500
2025-07-31,208.0519764228089,209.39913099136336,206.72476887181696,207.1339111328125,80698400
2025-08-01,210.4269720875647,213.1312852679161,201.07666267114303,201.95481872558594,104434500
2025-08-04,204.0803265791815,207.44325668811337,201.25627047720934,202.9227752685547,75109300
2025-08-05,202.97265486934364,204.90858140720596,201.73526982787092,202.49366760253906,44155100
2025-08-06,205.19798558200998,214.9275012748427,205.15806109322384,212.80197143554688,108483100
2025-08-07,218.42014073215765,220.38600300495352,216.12496995802366,219.56771850585938,90224800
2025-08-08,220.36604479784603,230.5146761138317,218.78936250198095,228.86814880371094,113854000
2025-08-11,227.6992650180531,229.33767612130436,224.54232171734583,226.95997619628906,61806100
2025-08-12,227.78917070894937,230.57647717809445,226.8500938879156,229.42758178710938,55626200
2025-08-13,230.8462285986664,234.77241529044048,230.2068337695816,233.10403442382812,69878500
2025-08-14,233.83332460758467,234.89229562265464,230.6264418350812,232.5545654296875,51916300
2025-08-15,233.77337703316005,234.0531046408583,229.11788646444978,231.36570739746094,56038700
2025-08-18,231.47561022214762,232.89423321308522,229.88715369469057,230.66639709472656,37476200
2025-08-19,231.05601964615855,232.64447617946885,229.1278960385577,230.3367156982422,39402600
2025-08-20,229.75726351111018,230.24679444121838,225.55134937034353,225.79110717773438,42263900
2025-08-21,226.05087353353895,226.30063142153253,223.56327948127884,224.68218994140625,30621200
2025-08-22,225.95095699429655,228.8681272027074,225.1916985271248,227.53941345214844,42477800
2025-08-25,226.26065308481304,229.07792927219558,226.01089520624416,226.94000244140625,30983100
2025-08-26,226.65028173376106,229.26775474756235,224.4724002828088,229.08792114257812,54575100
2025-08-27,228.38860049855515,230.676376013076,228.03893336267103,230.26678466796875,31259500
2025-08-28,230.59647266873003,233.18396075811214,229.11789497993007,232.33477783203125,38074700
2025-08-29,232.28481317583598,233.15398096397084,231.145917853049,231.91517639160156,39418400
2025-09-02,229.02798202980685,230.62643860177437,226.75019132336067,229.49752807617188,44075600
2025-09-03,236.98028515930878,238.6186963224971,234.133039090421,238.2390594482422,66427800
2025-09-04,238.21906152531412,239.66765417218173,236.51072617258424,239.5477752685547,47549400
2025-09-05,239.76756781945676,241.08629675958926,238.25903569310344,239.45787048339844,54870400
2025-09-08,239.06825064349684,239.91741830634814,236.11111057683257,237.64962768554688,48999500
2025-09-09,236.77047435136637,238.5487492683241,233.13400016518182,234.123046875,66313900
2025-09-10,231.96513778704139,232.19491077497392,225.73117543382176,226.5703582763672,83440800
2025-09-11,226.66027725307507,230.22681187017153,226.43048902665416,229.80722045898438,50208600
2025-09-12,228.9980136278554,234.28288383192944,228.79821036620638,233.84332275390625,55824200
2025-09-15,236.77047667310174,237.95932665324483,234.80238330570734,236.47076416015625,42699500
2025-09-16,236.9502954777413,240.98639147239973,236.09114297984144,237.9193572998047,63421100
2025-09-17,238.73857528095925,239.86748583209587,237.4997706474641,238.75856018066406,46508000
2025-09-18,239.737599946219,240.9664044724694,236.4208079152849,237.64962768554688,44249600
2025-09-19,240.99636870073516,246.06146581163878,239.9773675285625,245.26223754882812,163741300
2025-09-22,248.05953649140056,256.3914711896616,247.8797028858207,255.8319854736328,105517400
2025-09-23,255.63220171436936,257.0907792625319,253.33442606621003,254.18359375,60275200
2025-09-24,254.9728287261993,255.4923293909784,250.79686899703333,252.06564331054688,42303700
2025-09-25,252.96477212582877,256.9209435623003,251.466224879955,256.6212158203125,55202100
2025-09-26,253.8539172209246,257.3505275669758,253.5342198150173,255.2126007080078,46076300
2025-09-29,254.31347273152574,254.75304905914027,252.76497075706976,254.18359375,40127700
2025-09-30,254.61318058017173,255.67215158054225,252.8648753735947,254.38340759277344,37704300
2025-10-01,254.7929996074261,258.53938316103813,254.6831055272507,255.20260620117188,48713900
2025-10-02,256.33149581258533,257.9299523535748,253.9038565188199,256.8809814453125,42630200
2025-10-03,254.42336451804394,258.9889308017334,253.70406057825727,257.7701110839844,49155600
2025-10-06,257.7401350456914,258.819106172963,254.80299514816292,256.44140625,44664100
2025-10-07,256.56129542181253,257.15072039039774,255.18262697514498,256.23162841796875,31955800
2025-10-08,256.2715719294531,258.2696351050741,255.8619653198879,257.8100891113281,36496900
2025-10-09,257.5603136690899,257.75013209688524,252.8948383011137,253.79396057128906,38322000
2025-10-10,254.69310389004832,256.13171175032437,243.76369637579657,245.032470703125,61999100
2025-10-13,249.13848619669534,249.44818352992385,245.32217845998096,247.42015075683594,38142900
2025-10-14,246.36117950382103,248.60900042906025,244.46301046499008,247.53004455566406,35478000
2025-10-15,249.24838988167792,251.5761352503302,247.2303418581919,249.09852600097656,33893600
2025-10-16,248.00958596667436,248.79881419551728,244.8926123625184,247.21035766601562,39777000
2025-10-17,247.77980070207627,253.13461023404025,247.03052706557392,252.045654296875,49147000
2025-10-20,255.64218177653177,264.1239650925819,255.3824390623343,261.98602294921875,90483000
2025-10-21,261.6263807259345,265.03308188579996,261.5764108568555,262.5155029296875,46695900
2025-10-22,262.3956210979312,262.5954395959732,255.18261234613632,258.19970703125,45015300
2025-10-23,259.68824995662277,260.36758405794774,257.76012648314656,259.3285827636719,32754900
2025-10-24,260.93706434715574,263.87421967110856,258.9290010880386,262.56549072265625,38253700
2025-10-27,264.6234656652487,268.8593494221352,264.3936774471076,268.5496520996094,44888200
2025-10-28,268.7294713644567,269.6286240979669,267.8902885694659,268.7394714355469,41534800
2025-10-29,269.01920560410514,271.1471476128123,266.85129379808274,269.4388122558594,51086700
2025-10-30,271.72657092903916,273.87451306817263,268.2199910571769,271.13714599609375,69886500
2025-10-31,276.721738255342,277.05143573891627,268.89933466249033,270.108154296875,86167100
2025-11-03,270.15812755648943,270.5877038096653,265.9921525413924,268.7894287109375,50194600
2025-11-04,268.0701070960229,271.22705027239556,267.36080327265466,269.7784729003906,49274800
2025-11-05,268.3498399683747,271.43687417180433,266.67147434431234,269.8783874511719,43683100
2025-11-06,267.6305743388968,273.1352174017799,267.6305743388968,269.50872802734375,51204000
2025-11-07,269.5386899523433,272.02629915101613,266.51162568814635,268.2099914550781,48227400
2025-11-10,268.9599914550781,273.7300109863281,267.4599914550781,269.42999267578125,41312400
2025-11-11,269.80999755859375,275.9100036621094,269.79998779296875,275.25,46208300
2025-11-12,275.0,275.7300109863281,271.70001220703125,273.4700012207031,48398000
2025-11-13,274.1099853515625,276.70001220703125,272.0899963378906,272.95001220703125,49602800
2025-11-14,271.04998779296875,275.9599914550781,269.6000061035156,272.4100036621094,47431300
2025-11-17,268.82000732421875,270.489990234375,265.7300109863281,267.4599914550781,45018300
2025-11-18,269.989990234375,270.7099914550781,265.32000732421875,267.44000244140625,45677300
2025-11-19,265.5299987792969,272.2099914550781,265.5,268.55999755859375,40424500
2025-11-20,270.8299865722656,275.42999267578125,265.9200134277344,266.25,45823600
2025-11-21,265.95001220703125,273.3299865722656,265.6700134277344,271.489990234375,59030800
2025-11-24,270.8999938964844,277.0,270.8999938964844,275.9200134277344,65585800
2025-11-25,275.2699890136719,280.3800048828125,275.25,276.9700012207031,46914200
2025-11-26,276.9599914550781,279.5299987792969,276.6300048828125,277.54998779296875,33431400
2025-11-28,277.260009765625,279.0,275.989990234375,278.8500061035156,20135600
2025-12-01,278.010009765625,283.4200134277344,276.1400146484375,283.1000061035156,46587700
2025-12-02,283.0,287.3999938964844,282.6300048828125,286.19000244140625,53669500
2025-12-03,286.20001220703125,288.6199951171875,283.29998779296875,284.1499938964844,43538700
2025-12-04,284.1000061035156,284.7300109863281,278.5899963378906,280.70001220703125,43989100
2025-12-05,280.5400085449219,281.1400146484375,278.04998779296875,278.7799987792969,47265800
2025-12-08,278.1300048828125,279.6700134277344,276.1499938964844,277.8900146484375,38211800
2025-12-09,278.1600036621094,280.0299987792969,276.9200134277344,277.17999267578125,32193300
2025-12-10,277.75,279.75,276.44000244140625,278.7799987792969,33038300
2025-12-11,279.1000061035156,279.5899963378906,273.80999755859375,278.0299987792969,33248000
2025-12-12,277.7950134277344,279.2200012207031,276.82000732421875,278.2799987792969,38360082
